-- phpMyAdmin SQL Dump
-- version 5.0.2
-- https://www.phpmyadmin.net/
--
-- Máy chủ: 127.0.0.1
-- Thời gian đã tạo: Th12 29, 2020 lúc 01:57 PM
-- Phiên bản máy phục vụ: 10.4.13-MariaDB
-- Phiên bản PHP: 7.4.8

SET SQL_MODE = "NO_AUTO_VALUE_ON_ZERO";
START TRANSACTION;
SET time_zone = "+00:00";


/*!40101 SET @OLD_CHARACTER_SET_CLIENT=@@CHARACTER_SET_CLIENT */;
/*!40101 SET @OLD_CHARACTER_SET_RESULTS=@@CHARACTER_SET_RESULTS */;
/*!40101 SET @OLD_COLLATION_CONNECTION=@@COLLATION_CONNECTION */;
/*!40101 SET NAMES utf8mb4 */;

--
-- Cơ sở dữ liệu: `ban_sach`
--

-- --------------------------------------------------------

--
-- Cấu trúc bảng cho bảng `banner`
--

CREATE TABLE `banner` (
  `id_banner` int(11) NOT NULL,
  `link_anh` mediumtext NOT NULL
) ENGINE=InnoDB DEFAULT CHARSET=utf8mb4;

--
-- Đang đổ dữ liệu cho bảng `banner`
--

INSERT INTO `banner` (`id_banner`, `link_anh`) VALUES
(1, '../../images/banner/1.jpg'),
(2, '../../images/banner/2.jpg'),
(4, '../../images/banner/4.jpg'),
(5, '../../images/banner/5.jpg'),
(6, '../../images/banner/6.jpg'),
(8, '../../images/banner/8.jpg');

-- --------------------------------------------------------

--
-- Cấu trúc bảng cho bảng `binh_luan`
--

CREATE TABLE `binh_luan` (
  `id_binh_luan` int(11) NOT NULL,
  `id_sach` int(11) NOT NULL,
  `id_thanh_vien` int(11) NOT NULL,
  `noi_dung` varchar(500) NOT NULL,
  `star` int(2) NOT NULL DEFAULT 0
) ENGINE=InnoDB DEFAULT CHARSET=utf8mb4;

--
-- Đang đổ dữ liệu cho bảng `binh_luan`
--

INSERT INTO `binh_luan` (`id_binh_luan`, `id_sach`, `id_thanh_vien`, `noi_dung`, `star`) VALUES
(1, 1, 4, '', 4),
(2, 1, 4, '', 3),
(3, 2, 4, 'Sách Quá hay Quá tuyệt', 4),
(4, 2, 4, 'Sach cuc hay', 1),
(5, 1, 4, 'ádasdasds', 2),
(6, 1, 4, 'hjhhh', 1),
(7, 1, 4, 'hjhhh', 4),
(8, 1, 4, 'hjhhh', 2);

-- --------------------------------------------------------

--
-- Cấu trúc bảng cho bảng `chi_tiet_don_hang`
--

CREATE TABLE `chi_tiet_don_hang` (
  `ma_don_hang` int(11) NOT NULL,
  `id_sach` int(10) NOT NULL,
  `so_luong` int(10) NOT NULL
) ENGINE=InnoDB DEFAULT CHARSET=utf8mb4;

--
-- Đang đổ dữ liệu cho bảng `chi_tiet_don_hang`
--

INSERT INTO `chi_tiet_don_hang` (`ma_don_hang`, `id_sach`, `so_luong`) VALUES
(1030028, 1, 4),
(1030028, 2, 4),
(98340475, 3, 1),
(98340475, 2, 1),
(98340475, 1, 1),
(85539906, 12, 4),
(85539906, 23, 4),
(52580888, 12, 4),
(52580888, 23, 12),
(52580888, 20, 4),
(52580888, 3, 4),
(52580888, 7, 6),
(52580888, 9, 4),
(57422699, 1, 1),
(57422699, 7, 1),
(57422699, 3, 1),
(57422699, 6, 1),
(88691159, 1, 1),
(88691159, 7, 2),
(88691159, 3, 2),
(88691159, 6, 1),
(88691159, 11, 1),
(18868411, 7, 3),
(18868411, 3, 2),
(18868411, 6, 3),
(18868411, 11, 3),
(18868411, 12, 4),
(18868411, 16, 4),
(18868411, 8, 4),
(18868411, 2, 5),
(17281353, 7, 4),
(17281353, 3, 2),
(17281353, 6, 3),
(17281353, 11, 3),
(17281353, 12, 4),
(17281353, 16, 4),
(17281353, 8, 4),
(17281353, 2, 5),
(17281353, 14, 1),
(17281353, 10, 1),
(17281353, 29, 1),
(1809738, 2, 6),
(1809738, 1, 5),
(1809738, 9, 5);

-- --------------------------------------------------------

--
-- Cấu trúc bảng cho bảng `don_hang`
--

CREATE TABLE `don_hang` (
  `id_don_hang` int(11) NOT NULL,
  `ma_don_hang` int(11) NOT NULL,
  `id_thanh_vien` int(11) NOT NULL,
  `tong_tien` int(15) NOT NULL,
  `nguoi_nhan` varchar(256) NOT NULL,
  `sdt` varchar(12) NOT NULL,
  `dia_chi` varchar(256) NOT NULL,
  `email` varchar(256) NOT NULL,
  `ngay_tao` date NOT NULL DEFAULT current_timestamp(),
  `trang_thai` int(10) NOT NULL DEFAULT 0
) ENGINE=InnoDB DEFAULT CHARSET=utf8mb4;

--
-- Đang đổ dữ liệu cho bảng `don_hang`
--

INSERT INTO `don_hang` (`id_don_hang`, `ma_don_hang`, `id_thanh_vien`, `tong_tien`, `nguoi_nhan`, `sdt`, `dia_chi`, `email`, `ngay_tao`, `trang_thai`) VALUES
(1, 57422699, 1, 318000, 'Nguyễn Minh Tùng', '0385326748', '2D, Lưu Quang Vũ, Đà Nẵng', 'dakmil.fo3@gmail.com', '2020-12-24', 1),
(5, 1809738, 4, 965000, 'Tùng', '0857813697', 'Ngũ Hành Sơn, Đà Nẵng', 'nmt@gmail.com', '2020-12-29', 0);

-- --------------------------------------------------------

--
-- Cấu trúc bảng cho bảng `footer`
--

CREATE TABLE `footer` (
  `id_footer` int(11) NOT NULL,
  `noi_dung` mediumtext NOT NULL
) ENGINE=InnoDB DEFAULT CHARSET=utf8mb4;

--
-- Đang đổ dữ liệu cho bảng `footer`
--

INSERT INTO `footer` (`id_footer`, `noi_dung`) VALUES
(1, 'Được Phát Triển Bởi Nguyễn Minh Tùng 19IT365, Nguyễn Ngọc Thương 19IT5, Trương Văn Thái 19IT5');

-- --------------------------------------------------------

--
-- Cấu trúc bảng cho bảng `menu`
--

CREATE TABLE `menu` (
  `id_menu` int(11) NOT NULL,
  `ten_menu` varchar(256) NOT NULL
) ENGINE=InnoDB DEFAULT CHARSET=utf8mb4;

-- --------------------------------------------------------

--
-- Cấu trúc bảng cho bảng `sach`
--

CREATE TABLE `sach` (
  `id_sach` int(11) NOT NULL,
  `id_the_loai` int(11) NOT NULL,
  `id_tac_gia` int(11) NOT NULL,
  `ten_sach` varchar(256) NOT NULL,
  `gia` int(11) NOT NULL,
  `link_anh` varchar(256) NOT NULL,
  `noi_dung` longtext NOT NULL,
  `da_ban` int(11) DEFAULT 0
) ENGINE=InnoDB DEFAULT CHARSET=utf8mb4;

--
-- Đang đổ dữ liệu cho bảng `sach`
--

INSERT INTO `sach` (`id_sach`, `id_the_loai`, `id_tac_gia`, `ten_sach`, `gia`, `link_anh`, `noi_dung`, `da_ban`) VALUES
(1, 1, 4, 'Chiếc lược ngà', 70000, '../../images/sach/1.jpg', 'Một câu chuyện đậm chất văn học về tình cha con trong quá khứ và một câu chuyện đậm chất điện ảnh về tài trí của cô giao liên ở hiện tại, thời gian cách biệt 12 năm nhưng không gian kết nối bởi một kỷ vật và thanh âm ngân vang như xé lòng người. Đó là tác phẩm gắn liền với tên tuổi nhà văn Nguyễn Quang Sáng – truyện ngắn “Chiếc lược ngà”.\r\n\r\n\r\n\r\nNgày 23/09/1966 tại Tháp Mười, Nguyễn Quang Sáng hoàn thành truyện ngắn “Chiếc lược ngà” trong thời gian vỏn vẹn nửa ngày. Trong bút ký “Nhà văn về làng”, nhà văn chia sẻ:\r\n“Cũng trong mùa nước này, tôi viết “Chiếc lược ngà”. Tôi viết trên xuồng. Châu Thanh kiếm cho tôi miếng ván kê lên hai đầu gối làm bàn viết. Từ ngày rời khỏi cái bàn viết trong căn phòng nhà số 2 Cổ Tân ở Hà Nội, đã hơn nửa năm tôi không viết một chữ nào, có thể nói tôi đói viết. Đói ăn thì ăn ngấu nghiến, đói viết thì chữ trong ngòi bút cứ trào ra. Khi viết tôi như không nghe tiếng rít của máy bay, như không nghe tiếng bom nổ và rất lạ, có bạn trẻ Châu Thanh bên cạnh, tôi thấy yên tâm, tôi viết một mạch từ sáng đến trưa thì xong. Đó là truyện ngắn đầu tiên tôi trình làng qua Đài Phát Thanh Tiếng Nói Việt Nam trong buổi “Đọc truyện đêm khuya”.”\r\n\r\nCái thẹo của ba. Chiếc lược của con.\r\n“Chiếc lược ngà” được kể qua lời ông Ba – người đồng chí già, cũng người đồng hành đã quan sát và chứng kiến, giọng văn bởi vậy mà khách quan và chân thành.\r\nCách dẫn truyện “Các bạn ạ” của người lính già chia không gian tác phẩm ra làm hai lát cắt với khoảng cách 12 năm, khi nhân vật ông Ba gặp cô bé Thu 8 tuổi và tái ngộ cô giao liên Thu 20 tuổi. Kỷ vật kết nối cho khoảng cách 12 năm là chiếc lược làm từ ngà voi của ông Sáu dành riêng tặng con gái mình. Giữa hai lần Thu xuất hiện, Nguyễn Quang Sáng đã xây dựng nên hai câu chuyện gây xúc động mạnh mẽ.\r\nPhần thứ nhất: Lúc Thu 8 tuổi, ông Sáu về thăm nhà sau 7 năm xa cách.\r\nCô bé không chịu gọi “ba” vì trên mặt ông Sáu có vết thẹo bị thương khi đánh Tây, không giống người ba trong ảnh chụp cùng má. Suốt ba ngày ông Sáu nghỉ phép bên gia đình, con bé bướng bỉnh không nhận cha. Nhưng sau đêm được ngoại giảng giải thì bé Thu đã hiểu. Ngày ông Sáu lên đường, một câu “Thôi, ba đi nghe con!” khe khẽ, nhận lại một tiếng thét gọi “ba” trong nghẹn ngào, tiếng “ba” như vỡ tung, xé gió. Cuộc hội ngộ ngắn ngủi, cô bé Thu gửi lời mong mỏi “Ba về, ba mua cho con một cây lược nghe ba!”.\r\nPhần thứ hai: Lúc Thu 20 tuổi, làm giao liên đưa cán bộ qua sông.\r\nTrước lúc hy sinh, ông Sáu giao chiếc lược ngà tự tay hoàn thành cho người bạn chiến đấu của mình, đặng sau này gửi lại cho con gái ông. Người đồng chí già trao chiếc lược cho Thu với lời nói dối thiện chí rằng ông Sáu vẫn còn, nhưng không ngờ Thu đã biết sự thật. Truyện khép lại từ hành động ấm áp của ông Ba, khi bỗng buột miệng nói: “Thôi, ba đi nghe con!”.\r\n“Chiếc lược ngà” có độ dài gần 7 nghìn chữ, không chỉ chia theo khoảng cách 12 năm mà còn chia thành hai câu chuyện: câu chuyện về tình cha con của ông Sáu với Thu và câu chuyện tài trí của giao liên Thu. Một câu chuyện văn học và một câu chuyện điện ảnh. Chính những trang miêu tả tỉ mỉ sự thông minh và kiên gan của giao liên Thu với nhiều hình ảnh ấn tượng đã hé lộ khả năng một nhà biên kịch ở Nguyễn Quang Sáng, người sau này thăng hoa tên tuổi qua các kịch bản phim “Mùa gió chướng” và “Cánh đồng hoang”.\r\nMột truyện ngắn phát ra âm thanh.\r\nVang vọng suốt áng văn, suốt những quãng đời và những cuộc đời ấy, chỉ có một tiếng kêu, một tiếng kêu bình dị mà thiêng liêng bậc nhất trong cõi đời này. Đó là tiếng “ba”. Một thanh âm hữu hình như sợi chỉ đỏ xuyên suốt làm bật lên chủ đề của tác phẩm, về tình cha con trong chiến tranh, cũng là tình cha con muôn thuở muôn đời.\r\nCô bé Thu chỉ có một lần được gọi ông Sáu là “ba” trong đời, cũng là tiếng “ba” cuối cùng mà ông Sáu được nghe. Tiếng “ba” vỡ òa từ sâu thẳm trong lòng cô bé là cái tiếng mà ông Sáu đã chờ đợi suốt bao năm trời xa con, đã chờ đợi suốt mấy ngày trời về bên con, những tưởng chẳng thể nào được nghe … Thì bất ngờ, nó thét lên!\r\n\r\nTranh minh họa: B.R.O\r\nTiếng kêu vỡ ra còn lòng người thì nghẹn lại.\r\nĐối với người cha ấy, đó là tiếng gọi “ba” đầu tiên và cũng là những tiếng cuối cùng ông nghe được từ con. Thương con quá mà không thể ở nhà thêm được khi Tổ quốc đang gọi và đồng đội đang chờ. Tình yêu con đã biến người chiến sĩ thành nghệ nhân, người nghệ nhân chỉ sáng tạo ra một tác phẩm duy nhất trong đời, một cây lược ngà kết tinh tình phụ tử, khắc lên dòng chữ nắn nót “Yêu nhớ tặng Thu, con của ba”. Nhưng rồi vẫn không thể đưa chiếc lược tận tay cho con, người cha ấy đã hy sinh sau một trận càn của Mỹ, chỉ kịp để lại sự ủy thác không lời.\r\nNgày ông Ba gặp lại Thu, cô bé bướng bỉnh ngày nào đã trở thành cô giao liên giỏi giang, xinh đẹp. Có lẽ trong những ngày giữ gìn chiếc lược, sự cẩn trọng nâng niu đã thực sự khiến người đồng chí già trở thành một người cha, nên khi nhìn Thu cầm chiếc lược, tình cha con đang dâng lên làm tim ông đau nhói.\r\n8 tuổi, tiếng “ba” của bé Thu xé tan sự im lặng, xé cả ruột gan mọi người, đó là tiếng gọi “ba” của một đứa trẻ. 20 tuổi, Thu đáp lại người bạn thân của ba mình, qua đôi môi mấp máy tái nhợt, tiếng “ba” nghẹn ngào trong cổ họng, như có như không, đó là tiếng gọi của một người trưởng thành. Một tiếng “ba” ngây thơ, bồng bột. Một tiếng “ba” dặn dày sương gió, chịu đựng nhiều mất mát hy sinh. Tiếng “ba” nào cũng chân tình và tự nhiên, bởi nó buột ra từ trong tâm khảm con người.\r\nTình cha cao đẹp truyền qua lồng ngực những người chiến sĩ, là sự chuyển di và bồi đắp từ tình yêu nước và tình đồng chí. Và tình cha con cũng dào dạt, muôn đời bất diệt theo sự nối tiếp thế hệ và truyền thừa ý chí đấu tranh.\r\nTrên cái nền bi kịch của chiến tranh, Nguyễn Quang Sáng ngân lên từng nốt thiêng liêng về tình phụ tử. Chân thực, giản dị, và cảm động.\r\nSự nối tiếp thế hệ và truyền thừa ý chí đấu tranh.\r\nTrong khoảng thời gian ông Sáu về phép, Thu không nhận ba không đơn thuần là sự bướng bỉnh của một cô bé con đỏng đảnh hay nhiễu sự, mà đó là sự kiên định và quyết liệt của một người có lập trường – đây chính là hạt mầm nuôi dưỡng tính cách cứng cỏi kiên cường của chị giao liên giải phóng.\r\nĐến khi được ngoại giảng giải về lai lịch vết thẹo, bà nhắc lại tội ác mấy thằng Tây ở đồn đầu vàm cho Thu nhớ. Đó là khoảnh khắc đánh dấu một cột mốc nhận thức về chiến tranh và căm thù giặc của cô bé con. Nghe bà kể nó nằm im, lăn lộn và thỉnh thoảng lại thở dài như người lớn. Trong lòng nó, hình ảnh người ba kính mến đã trùng khớp lên cái người mang vết thẹo dài trên mặt. Con bé vỡ lẽ ra, lòng yêu ba lại nhân lên gấp bội, thương ba bao nhiêu lại thù bọn Tây bấy nhiêu.\r\nVào một ngày năm 1958, năm đó quân ta chưa võ trang, trong một trận càn lớn của quân Mỹ – ngụy, ông Sáu hy sinh. Thân xác người lính cộng sản nằm trong ngôi mộ bằng, bằng phẳng như mặt rừng. Sống như thế và chết như thế. Buộc nhân dân ta phải cầm súng đứng lên.\r\nĐó là giai đoạn cuộc chiến tranh chống đế quốc Mỹ đang diễn ra ác liệt. Nơi hậu phương, vợ con ông Sáu mong ngóng tin chồng, tin cha nhưng biền biệt. Phải mất 10 năm sau mới nhận được tin ông Sáu đã hy sinh. Ôm nỗi đau mất cha với lòng căm thù giặc sâu sắc, Thu xin má đi làm giao liên. Mới chỉ 2 năm làm nhiệm vụ, Thu đã đi vào câu chuyện của đồng đội như truyền kỳ, rằng cô giao liên ấy có cái mũi rất thính, cô dùng mũi để nghe mùi địch và có thể phân biệt được thằng nào là Mỹ, thằng nào là ngụy nữa.\r\nTừ ông Sáu cho đến bé Thu, chính là sự nối tiếp thế hệ và truyền thừa ý chí đấu tranh, chẳng cần một bài học sáo rỗng nào, Thu gia nhập quân giải phóng vì ảnh hưởng từ ba. Đó là huyết thống, là tình phụ tử nâng lên thành tình yêu nước. Cái tình thiêng liêng ấy không kẻ thù nào có thể tiêu diệt được. Càng đớn đau, lại càng quật cường, sáng đẹp và bền bỉ hơn.\r\nĐó chẳng phải là thông điệp tuyệt vời mà truyện ngắn “Chiếc lược ngà” muốn nhắn nhủ đến mỗi một người đọc hay sao?\r\nTừ chi tiết nhỏ viết nên cuộc đời lớn.\r\nBằng giọng chân thành mà hóm hỉnh, cha đẻ của “Chiếc lược ngà” từng kể rằng bạn bè khi xưa cùng trường đã lấy làm lạ khi ông trở thành nhà văn.\r\n“Chính mình đôi lúc cũng thấy lạ cho mình, huống chi bạn bè.”\r\nBởi vì hồi nhỏ ông dở văn lắm. Thời đi học ở trường Trung học kháng chiến Nguyễn Văn Tố, bạn cùng bàn của ông là Đoàn Thế Hối (sau này lấy bút danh Lê Vĩnh Hòa) rất giỏi văn, bài văn nào cũng 17, 18 điểm trên 20, trong khi ông thì tệ đến mức có lần chỉ được 0,5 điểm trên 20.\r\nCó một lần thầy bảo viết dạng hồi ký hoặc nhật ký không cần gò bó theo khuôn khổ, Nguyễn Quang Sáng đã viết về những trận đánh mà ông suýt chết, ông đạt 18 điểm trên 20. Có thể thấy rằng, khi được tự do phát huy thì bút lực của ông mới bộc phát, đó là viết từ những gì đã trải qua, viết bằng những gì quan sát được, và viết từ tình cảm chân thành của mình. Đây cũng chính là nét đặc sắc mà giới mộ điệu thấy được trong văn ông. Chan hòa, gần gũi và phóng khoáng.\r\nDường như toàn bộ tác phẩm của Nguyễn Quang Sáng không câu nệ vào sách vở và tuyệt đối vắng bóng điển tích. Nhà văn trực tiếp va đập với cuộc sống để nhìn, để nghe và để viết. Chỉ cần gạn lọc được chi tiết thì Nguyễn Quang Sáng lập tức có những trang văn trần thuật hấp dẫn, như ông bộc bạch:\r\n“Tôi mê chi tiết. Viết văn không chi tiết, chỉ nói như xã luận, thì còn ra gì!”.\r\nSự khắc nghiệt của thời gian, và đặc biệt trong thời kỳ chiến tranh, chắc chắn sẽ làm mai một nhiều giá trị mang thông điệp minh hoạ cho mỗi giai đoạn văn chương đó. Nhưng Nguyễn Quang Sáng, nhờ vào thực tế kháng chiến của quân dân Nam bộ, đã sáng tạo truyện ngắn “Chiếc lược ngà” một cách xuất sắc, mang thơi thở nhân văn và thời cuộc.\r\nMà nay, nhà văn của “Chiếc lược ngà” đã xa rời gian thế, nhưng sự nghiệp văn chương và những giá trị nghệ thuật mà ông để lại, với những áng văn trần thuật kiểu “rất Nguyễn Quang Sáng”, hậu thế sẽ mãi mãi trân trọng và nhớ ơn.', 8),
(2, 1, 8, 'Số đỏ', 65000, '../../images/sach/2.jpg', 'Lúc ấy vào độ 3 giờ chiều, một ngày thứ năm.\r\n\r\nTrong khu sân quần mà bên ngoài là những hàng ruối kín mít, chỉ có một sân hữu là được hai người Pháp dùng đến. Hai đứa trẻ nhỏ tuổi uể oải đi nhặt những quả bóng để nén cho hai người Tây. Mồ hôi ướt đầm áo, hai người này cũng chơi uể oải như những nhà thể thao bất đắc dĩ khác.\r\n\r\n- xanh ca! 1\r\n\r\n- xanh xít! 2\r\n\r\nNhững câu hô như vậy chen lẫn những tiếng bồm bộp của những quả ban bị đánh đi, như giữ nhịp cho khúc âm nhạc của mấy vạn con ve sầu.\r\n\r\nNgoài đường ở vệ hè, một người bán nước chanh, ngồi chồm chỗm trên càng xe, đương nói chuyện với một người bạn đồng nghiệp.\r\n\r\n- Quái, thứ năm gì mà vắng thế!\r\n\r\n- Chốc nữa họ mới lại chứ? Bây giờ mới hơn ba giờ. Từ hôm nay trở đi, họ tập gấp, chắc ngày nào cũng phải luyện chứ chả cứ thứ năm thứ bảy hay chủ nhật...\r\n\r\n- Thế à? Sao biết?\r\n\r\n- Mê đi! Ba bốn tháng nữa, đức vua ra đây, lại còn gì! Chuyến này sẽ có cúp oai ghê... Các anh các chị gọi là tập mửa mật.\r\n\r\nTrên hè, dưới bóng cây gạo, một ông thầy số đã có tuổi ngồi bình tĩnh nhìn cái cháp, nghiên mực, miếng son, ống bút, với mấy lá số tử vi mẫu, thỉnh thoảng lại ngáp một cái như một nhà triết học chân chính. Cách đấy mười bước, Xuân Tóc Đỏ ngồi tri kỷ với một chị hàng mía. Thương mại? Không! Ấy là một cuộc tình duyên, với, hơn nữa - theo lối gọi của những ông làm báo - một cuộc tình duyên của Bình dân (chữ B hoa).\r\n\r\nLà vì Xuân Tóc Đỏ cứ sấn sổ đưa tay toan cướp giật ái tình...\r\n\r\n-... Cứ ỡm ờ mãi!\r\n\r\n- Xin một tị! Xin một tị tỉ tì ti thôi!\r\n\r\n- Khỉ lắm nữa!\r\n\r\n- Lẳng lơ thì cũng chẳng mòn...\r\n\r\n- Thật đấy. Chính chuyên cũng chẳng sơn son để thờ! Nhưng này! Duyên kia ai đợi mà chờ? Tình kia ai tưởng mà tơ tưởng tình? Hàng đã ế bỏ mẹ ra thế này này, mua chẳng mua giúp lại chỉ được cái bộ ếm...\r\n\r\nXuân Tóc đỏ đứng phăng lên, anh hùng mà nói dỗi:\r\n\r\n- Đây không cần!\r\n\r\nChị hàng mía lườm dài một cái, cong cớn:\r\n\r\n- Không cần thì cút vào trong ấy có được không?\r\n\r\nXuân Tóc Đỏ lại cười hí hí như ngựa rồi ngồi xuống...\r\n\r\n- Nói đùa đấy, chứ đây mà lại chả cần đấy thì đấy cần đếch gì đây? Thôi đi, làm bộ vừa vừa chứ... Bán một xu nào.\r\n\r\n- Ừ! Ứ! Đưa tiền ngay ra đây xem!\r\n\r\nRút ở túi quần sau một cái mù soa, cởi một nút buộc như một cái tai lợn, Xuân Tóc Đỏ đập đồng hào ván xuống thềm gạch xi măng đánh keng một cái rất oanh liệt.\r\n\r\nTrong khi chị hàng mía cầm một tấm để róc vỏ thì Xuân lải nhải tự cổ động cho mình:\r\n\r\n- Năm hào còn hai đấy! Tối hôm qua mất ba hào. Thết bạn cẩn thận... Hai hào vé đi tuần trong Hý viện rồi lại bát phở tái năm. Chơi thế mới chánh chứ? Công tử bột thì cũng chúa đến thế là cùng... Ấy ăn tiêu rộng như thế mới chết! Đây bảo đấy về đây phải lo thì khỏi ăn chơi, thì đấy mãi chả nghe!\r\n\r\nChị hàng mía làm thinh, Xuân nhồm nhoàm nhai mía, lấy bã ném vào một cái cột đèn. Sau cùng, hắn chùi tay vào quần, đứng lên vươn vai... Chị hàng mía đưa trả hào chín tiền thừa thì hắn khoanh hai tay sau lưng không nhận.\r\n\r\n- Bỏ hộ vào túi quần... Thọc tay vào!\r\n\r\nBực mình, chị hàng để tiền dưới đất thì hắn cúi xuống nhặt lấy vậy.\r\n\r\n- Chả nưới mẹ gì cả! Than ôi cái cảnh đêm thu tịch mịch càng làm như gợi khách đa sầu!\r\n\r\nVừa hát mấy câu cải lương Nam Kỳ, hắn vừa đỏng đảnh tiến đến chỗ ông thầy số. Hắn đứng nhìn ông già hồi lâu như một anh dân quê lần đầu đứng trước cái chuồng khỉ của bà Bé Tý, rồi nói lớn:\r\n\r\n- Xem một quẻ đây!\r\n\r\nÔng cụ tỉnh cơn ngủ gật tức khắc, lôi ngay cái bút lông gài ở tai xuống nhanh nhẹn chẳng kém những thầy cảnh sát lúc biên phạt.\r\n\r\n- Hai hào! Hai hào một lá, có bằng lòng thì....\r\n\r\n- Một hào đấy! Bói rẻ còn hơn ngồi không.\r\n\r\n- Ừ, thì đặt tiền đi vậy...\r\n\r\n- Thì đặt! Đây không cần!\r\n\r\nHắn ngồi xuống chiếu, để lên nắp cháp hào chỉ. Ông thầy lấy giấy bản, loay hoay mài mực, nhổ vài ba bãi nước bọt vào nghiên mực, rồi cầm bút hỏi:\r\n\r\n- Ngày sinh, tháng đẻ, nói ra.\r\n\r\n- Hai mươi nhăm tuổi đấy, bố ạ! Tháng mười, ngày rằm, giờ gà lên chuồng.\r\n\r\nÔng thầy bò nhoài trên chiếc chiếu, trước khi viết lên giấy còn lẩm nhẩm đọc trong mồm và bấm trên ngón tay. Xuân Tóc Đỏ khoanh tay quanh hai đầu gối, để cằm tì lên một cổ tay. Ông thầy vừa viết vừa nói:\r\n\r\n- Tuần triệt đương đầu kiếp không thân mệnh....\r\n\r\nÂm dương tuần triệt tại tiền,\r\n\r\nCha mẹ ắt hẳn chơi tiên thuở nào.\r\n\r\nNếu nói đúng giờ thì số này phải bồ côi sớm.\r\n\r\n- Đúng đấy! Đúng!\r\n\r\n- Lúc thiếu thời thì cậu vất vả lắm.\r\n\r\n- Khá!\r\n\r\n- À, mà số này cũng không xấu lắm đâu.\r\n\r\nKhốc hư tý ngọ cư quan\r\n\r\nTiếng tăm rậy khắp giang sơn một thời.\r\n\r\nSau này danh phận cũng to cơ đấy!\r\n\r\n- Được! Thế bao giờ?\r\n\r\n- Từ năm nay trở đi đã mở vận đấy.\r\n\r\n- Chưa thấy gì cả.\r\n\r\n- Cuối năm sẽ thấy.\r\n\r\n- Từ đầu năm đến giờ đã phát những gì?\r\n\r\n- Đầu năm đến giờ chỉ phát sao đào hoa thôi...!\r\n\r\n- Thế là thế nào?\r\n\r\n- Nghĩa là những chuyện giai gái thì dễ ăn thua lắm.\r\n\r\nXuân Tóc Đỏ vỗ tay đôm đốp như những khi nó thấy bọn quần vợt đánh được một miếng hay. Rồi nó nói ngậu sị.\r\n\r\n- Đúng ghê! Đúng ghê! Hôm qua, lúc tan hát, đi qua ngõ Sầm Công thì có ba bốn chị chạy ùa ra, vây chung quanh, kéo tay, níu áo, tình bỏ mẹ ra ấy! Xin chịu thầy.\r\n\r\nRồi quay lại doạ chị hàng mía:\r\n\r\n- Phải biết!\r\n\r\nRồi khẽ nói với ông thầy:\r\n\r\n- Ngay như con bé bán mía này thì cũng \"nước nôi\" đến nơi chứ có không đâu! Cụ đoán đáng đồng tiền lắm.\r\n\r\nLúc ấy có một chiếc xe hơi hòm đầu nhọn, đuôi nhọn, đỗ ngay trước cửa sân quần. Cửa xe mở, một bà trạc ngoại tứ tuần mà y phục còn trai lơ hơn của các thiếu nữ, mặt bự ra những son và phấn, tóc đen lay láy nhưng mà quăn quăn, cả người nặng ít ra cũng bẩy mươi cân, nhưng cái khăn vành giây đúng mốt hết sức thì lại nhỏ xíu và ngắn ngủn có một mẩu, một tay cầm một cái dù thật tý hon và một cái ví da khổng lồ, tay kia ôm một con chó bé trông kỳ dị như một con kỳ lân, bước xuống đất một cách nặng nề vất vả. Rồi đến một chàng thiếu niên cao ngẳng, gầy đét, lộ hầu, hai mắt như ốc nhồi, tóc cũng uốn quăn. Âu phục lối du lịch, chui ở xe ra đưa tay cho một thiếu nữ mặc quần đùi trắng, tóc búi, giầu cao su, tay cắp hai cái vợt, chui ra sau cùng. Cả ba đủng đỉnh vào sân.\r\n\r\nMải nghe đoán số, Xuân Tóc Đỏ không trông thấy những người ấy. Hắn cứ việc cắt nghĩa mãi cái số đào hoa và hỏi dồn ông thầy:\r\n\r\n- Sau này có giàu không? Hay chỉ có danh giá hão?\r\n\r\n- Giàu thì chả giàu gì nhưng cũng phong lưu.\r\n\r\nCâu đoán ấy khiến Xuân ta nghĩ ngợi, mơ mộng.\r\n\r\nLúc mới 9 tuổi, nó đã phải đi ở nhờ nhà một người bác họ, họ thúc bá. Bác nó nuôi nó thay đầy tớ và được cả họ khen là nuôi cháy bồ côi. Nhưng một hôm nó bị đánh một trận và bị đuổi đi. Bác gái nó tắm, nó đã khoét một chỗ phên nứa để nhìn! Từ đấy, thằng Xuân lấy đầu hè xó cửa làm nhà, lấy sấu ở các phố, cá hồ Hoàn Kiếm làm cơm. Nó đã bán phá xa, bán nhật trình, làm chạy hiệu rạp hát, bán cao đan hoàn tán trên xe lửa, và vài ba nghề tiểu xảo khác nữa. Ánh nắng mặt trời làm cho tóc nó đỏ như tóc Tây. Cảnh ngộ đó tạo nó nên một đứa hoàn toàn vô giáo dục, tuy nó tinh quái lắm, thạo đời lắm. Nó mới xin được chân nhặt bóng trong sân quần độ trong vòng một năm nay thôi. Nhưng nó đánh quần chóng hay lắm nên được hội viên Pháp và Nam có lòng yêu, được trọng đãi một chút. Mộng tưởng của nó là sẽ có ngày được oai như Chim, Giao 3 nếu hạnh phúc dắt đến cho nó một ông bầu. Bây giờ thì nó cam tâm yên phận là một thằng nhặt bóng. Tuy nhiên nó cũng mừng đã tìm được nghề ấy, cái nghề tuy hèn nhưng còn có thể hy vọng được chút danh thơm. Bán lạc, trèo sấu, câu cá, làm lính chạy cờ hiệu, những nghiệp ấy chỉ dắt đến một chỗ tắc tị. Phong trào thể thao, phong trào bình dân khiến nó lắm lúc tự kiêu tự đắc lạ lùng.\r\n\r\n- Cụ trông mặt tôi mai sau có phất được không?\r\n\r\nÔng thầy ngắm nghía cái đầu tóc đỏ, cái trán lép, cái quai hàm to, cái nhân trung dài, hai cái tai đầy đặn ấy, rồi gật gù:\r\n\r\n- Khá lắm! Hậu vận khá lắm! Chỉ tiếc cái tóc không được đen.\r\n\r\n- Mẹ kiếp! Chứ xưa nay có mũ bao giờ đâu mà tóc chả đỏ!\r\n\r\nChợt từ sân quần có một đứa bé chay ra gọi rầm nó lên mà rằng:\r\n\r\n- Kìa anh Xuân! Không vào đi? Tiểu thư đã đến đấy! Không có người, anh không vào đi à?\r\n\r\nXuân Tóc Đỏ hỏi:\r\n\r\n- Tiểu thư à?\r\n\r\n- Phải! Con Văn Minh có cái thằng chồng ta đặt tên là Cà Kếu ấy mà. Cả con mẹ Phó Đoan cũng đến xem, lại đòi chơi nữa!\r\n\r\nXuân Tóc Đỏ đứng lên, dặn ông thầy:\r\n\r\n- Cứ viết đi, rồi chiều hay mai tôi lấy, cụ nhé! Nhớ hộ là tiền rồi. Nào! Vào ken cờ ban 4 với mỹ nhân cho nó hoa đào một thể!\r\n\r\nĐi qua chị hàng mía, thằng Xuân cười tình, nháy một cái.\r\n\r\n- Ơ voa 5 nhé! Mai nhé!\r\n\r\nRồi nó chạy vào sân bên tả là chỗ ba người đợi.\r\n\r\n- Lạy cụ lớn ạ! Lạy ông! Lạy bà!\r\n\r\nCặp vợ chồng Văn Minh khẽ cúi đầu đáp, nhưng bà Phó Đoan nguẩy một cái. Thiếu phụ cười, đưa mắt cho chồng. Người này bảo Xuân:\r\n\r\n- Bà tôi không thích kiểu cách thế.\r\n\r\nBà Phó Đoan mắng luôn Xuân Tóc Đỏ:\r\n\r\n- Anh ngu lắm! Cụ gì? Tôi chỉ mới đáng tuổi là mẹ anh thôi. Cụ thì ra đẻ được ra mẹ anh nữa kia à? Mà mẹ anh thì...\r\n\r\n- Lạy bà lớn ạ, cháu lỡ lời, bà lớn tha cho.\r\n\r\nSau khi cái cơn thịnh nộ của một me tây chân chính nguội đi rồi, Xuân cầm cái vợt chạy ra phía sân kia. Bộp bộp, ban bay đi bay lại... Bộ đùi trắng nõn của cô Văn Minh làm cho Xuân đánh lỗi mấy quả đầu, và làm cho cô này có cái ảo tưởng là mình chơi cừ hơn xưa.\r\n\r\nVẫn còn hầm hầm, bà Phó Đoan lầu nhầu:\r\n\r\n- Cái dân An Nam ngu thật!\r\n\r\nThiếu niên đáp:\r\n\r\n- Dì chấp cái hạng ấy làm quái gì!\r\n\r\n- Dễ tôi cũng phải tập thể thao mới được, không có chả mấy lúc mà già.\r\n\r\n- Ồ! Nếu thế thì Văn Minh tôi xin ký cả hai tay! Thật không hở dì? Dì thích tập thể thao? Một cuộc đắc thắng của thể thao! Một cuộc tiến bộ của nước Việt Nam! Sự cường thịnh của nòi giống!\r\n\r\nÔng ấy nói thế một cách sốt sắng chẳng kém những người gầy gò ốm yếu không hề tập thể thao bao giờ và chỉ xui giục kẻ khác. Nguyên do ông ấy là một du học sinh quay về tổ quốc mà không có một mảnh văn bằng nào cả.\r\n\r\nHình như ở bên Pháp, ông là bạn thân của những nhà chính trị đã từng làm thứ trưởng, thượng thư, văn hào, vân vân, những vị có danh tiếng mà báo chí Việt Nam cũng nhắc nhỏm tới. Sở Liêm Phóng Securité đã cắt hai viên thám tử đi dò ông. Sau ba tháng ròng rã hai viên thám tử chỉ thấy những hành tung bí mật của ông là: hút thuốc lá Camel. Về sau ông lấy vợ giàu. Có vợ rồi, ông đặt là Văn Minh. Sở Liên Phóng Securité lại phải một phen lo sợ. Dò mãi mới biết rằng tên của vợ ông là Văn, của ông là Minh thì ông đặt ngay là Văn Minh, tên vợ ở trên tên ông, tên ông đội dưới, cho nó có vẻ nịnh đầm. Thế thôi, chứ ông chẳng phản đối, cũng chẳng cải cách, quốc gia, quốc tế chi chi, cũng không cả.\r\n\r\nTừ độ được nhiều người gọi là Văn Minh, ông ta thấy cần phải chủ trương cuộc Âu hoá thì cái tên mới khỏi vô nghĩa. Một cái linh hồn khoẻ trong một xác thịt khoè! Phát minh được chân lý ấy rồi, đi đâu ông cũng hăng hái cổ động cho thể thao. Vợ ông trước nhất, rồi đến người khác. Ông không thể thao, thể dục cũng không, vì không có thì giờ! Cái chương trình Âu hoá của ông ta làm cho ông ta lúc nào cũng phải trầm tư mặc tưởng.\r\n\r\nCòn lai lịch bà Phó Đoan, thì kể nghe cũng hay hay. Hồi đương xuân, bà bị một người lính Tây hiếp, lúc bà mới ở nhà quê ra tỉnh xem hội Đình Chiến. Sau cuộc hiếp tráp phép đến ngay cuộc hiếp đúng luật, nghĩa là cuộc làm phép cưới. Người lính ấy sau thành một ông Phó Đoan. Ăn ở với nhau độ 10 năm, ông Phó Đoan chết, chết trung thành với nhà nước, chết chung tình với vợ, chết như những người yêu vợ quá sức. Rồi bà lấy một ông phán trẻ được hai năm thì ông chồng nội hoá cũng lăn cổ ra chết. Vì lẽ chưa ai thấy bà có nhân tình, nên những ngọn lưỡi rắn độc phao rằng những ngọn lửa tình do những kẻ chim bà không được đã khêu lên, bà bắt ông phán phải rập tất cả. Bà chính chuyên đến nỗi chồng bà kiệt sức, cạn sức, phải trốn xuống suối vàng.\r\n\r\nHai thiếu nữ Pháp và một thiếu niên Nam vào sân.\r\n\r\nXuân Tóc Đỏ nhường vợt cho đám hội viên.\r\n\r\nMột cô đầm đi vào buồng thay quần áo thì Xuân cũng biến mất.\r\n\r\nSân quần ầm ĩ những tiếng chào hỏi cười nói. Rồi những quả quần bay đi bay lại như đàn dơi bắt muỗi trên không gian...\r\n\r\nMột lát sau, tự nhiên thấy một người Pháp nắm tóc Xuân, lôi nó sềnh sệch ra sân mà tát, mà sỉ vả... Mọi người xúm lại hỏi. Thì ra nó bị bắt quả tang nhìn trộm một cô đầm lúc cô đang thay váy để mặc quần đùi! Hội nhất định đuổi nó, và không trả lương tháng ấy nữa.\r\n\r\nLúc đó bà Phó Đoan mới nhận ra rằng dân Việt Nam không những ngu mà còn đáng thương. Bà thở dài, ngậm ngùi bảo cháu rể bà:\r\n\r\n- Trẻ trung ai chả có khi dại dột? Tha thứ là phải, chấp làm gì thiếu niên? Rõ khổ, rõ tội nghiệp! Đuổi người ta như thế mà đành lòng!', 17),
(3, 1, 10, 'Những ngày thơ ấu', 90000, '../../images/sach/3.jpg', '…Thầy tôi làm cai ngục. Mẹ tôi con một nhà buôn bán rau đậu, trầu cau lần hồi ở các chợ và trên đường sông Nam Định - Hải Phòng. Tuổi thầy tôi hơn ba mươi, gấp đôi tuổi mẹ tôi. Hai thân tôi lấy nhau không phải vì quen biết nhau lâu mà thương yêu nhau. Chỉ vì hai bên cha mẹ, một bên hiếm hoi muộn cháu và có của; một bên sợ nguy hiểm giữ con gái đẹp đến thì ở trong nhà và muốn cho người con ấy có chỗ nương tựa chắc chắn, được cả một dòng họ trọng đãi nếu mắn con.\r\n\r\nThầy tôi làm cai ngục. Mẹ tôi con một nhà buôn bán rau đậu, trầu cau lần hồi ở các chợ và trên đường sông Nam Định - Hải Phòng. Tuổi thầy tôi hơn ba mươi, gấp đôi tuổi mẹ tôi. Hai thân tôi lấy nhau không phải vì quen biết nhau lâu mà thương yêu nhau. Chỉ vì hai bên cha mẹ, một bên hiếm hoi muộn cháu và có của; một bên sợ nguy hiểm giữ con gái đẹp đến thì ở trong nhà và muốn cho người con ấy có chỗ nương tựa chắc chắn, được cả một dòng họ trọng đãi nếu mắn con… Tôi đẻ ra đã được bao nhiêu người nhà những tội nhân có máu mặt đến mừng, biết bao nhiêu kẻ nhờ vả ông bà tôi lại thăm nom. Đồ vàng bạc, các thứ lụa là, gạo thơm, gà béo, trứng mới, cá biển tươi… từng tráp, từng thúng, từng bu đã chật ních cả tủ áo và chạn thức ăn. Vú bõ trong nhà đã hả hê có số tốt được hầu hạ một cửa “quyền quý”.\r\n\r\nSau này, mỗi lần nhắc tới ngày sinh vui vẻ của tôi, trong cái giọng nói hổn hển thỉnh thoảng lại ngắt quãng với những tiếng ho khan của bà nội tôi, tôi thấy có nhiều sự cảm động lắm. Cảm động vì nhớ tiếc, vì đau xót. Thầy mẹ tôi lấy nhau không phải vì thương yêu nhau, trái ngược cay đắng đó tôi đã hiểu biết rõ rệt và thấm thía ngay từ năm tôi lên bảy lên tám, ở vào cái tuổi mà tính tò mò rất dễ bị kích thích và trí ngây thơ trong suốt đã ghi giữ một hình ảnh gì, một nỗi niềm nào thì ghi giữ mãi mãi. Những buổi chiều vàng lặng lẽ, lạnh lẽo của mùa đông, những buổi chiều mà bụi mưa như có một thứ tiếng van lơn thầm thì trong hơi gió vu vu, lửa lò than rực rỡ vờn lên chân tường những áng hồng lấp lánh hay rủ rê tâm trí người ta vào những cõi buồn nhớ, là những buổi chiều làm tê tái mẹ tôi hơn hết. Tuy mẹ tôi có tôi ngồi trong lòng cười nô với mấy con búp bê, tuy trước mặt mẹ tôi có cả một bữa cơm thức ăn tỏa mùi thơm ngon lành trong hơi cơm tám soan bùi ngọt, tuy mẹ tôi vẫn tươi cười và luôn luôn thưa gửi dịu dàng với thầy tôi và bà tôi.\r\n\r\nLúc bấy giờ, trong đầu óc mẹ tôi quằn quại những hình ảnh, những ý nghĩ gì, thầy tôi đoán biết sao được. Vẻ mặt xinh tươi kia, sự thùy mị kính cẩn kia, sao có thể là của một người đàn bà mà tâm tư hằng giá buốt vì những phiền muộn, những đau đớn cay chua nhất, tối tăm nhất? Hay thầy tôi cũng như mẹ tôi cả hai đều thản nhiên và lặng lẽ để che giấu cả một lòng đau đớn? Có lẽ đúng! Vì thầy tôi, nếu là một người vô ý thức hay là một kẻ xốc nổi, chỉ biết có sắc đẹp và sự chiều chuộng của mẹ tôi, thì đã chẳng yên lặng nhìn tôi, miệng hơi nhếch về một bên, khi tôi níu lấy tay, lay lay hỏi:\r\n\r\n- Cậu ơi! Em Quế con không phải là con cậu mà là con cai H. phải không?\r\n\r\nCùng lúc nghe câu tôi hỏi ấy, mắt mẹ tôi bỗng sáng lên, gò má hơi ửng hồng. Mẹ tôi nhìn nhanh thầy tôi rồi hoặc quay mặt nhìn đi chỗ khác, hoặc cúi xuống thẫn thờ nhìn tôi. Trời! Thốt lên câu hỏi dại dột trên kia nếu tôi là con một người cha độc ác hay ghen, phát uất ức, và một người mẹ bỗng hổ thẹn, sợ hãi vì có kẻ mớm lời cho con mình để phá hoại sự thanh khiết của đời mình, đời phải chung thủy của một người làm vợ, thì cảnh tình giữa cha tôi và mẹ tôi lúc bấy giờ sẽ ra sao? Nhưng không! Thầy mẹ tôi chỉ lặng lẽ nhìn nhau và tôi cũng vẫn được nưng niu vỗ về trên hai đầu gối mẹ tôi ấm áp.\r\n\r\n* * *\r\n\r\nQuế, em gái tôi, là con một người khác: cai H, sự ngờ vực trong đầu óc tôi thoát ra với những câu hỏi trên kia không bao giờ được trả lời cả. Đem hỏi thầy tôi, thầy tôi yên lặng. Ôm ấp trong lòng mẹ tôi, được mẹ tôi vuốt ve là tôi nhắc đến câu hỏi ấy. Cũng như thầy tôi, mẹ tôi không đáp. Nhưng hai con mắt sáng ngời trên nước da mịn màng như trứng gà bóc ấy khác hẳn cặp mắt sâu tối của thầy tôi. Và, những lúc ấy, mẹ tôi hay áp má lên lùm tóc tôi, hai ngón tay nhẹ nhẹ vuốt từng sợi một. Không chịu thắc mắc, tôi còn hỏi cả hai cô tôi, hai anh họ tôi, bà tôi, và những người hàng xóm. Cô tôi, hai anh họ tôi không trả lời còn có lý chứ bà nội tôi và những người ở gần nhà tôi thấy tôi hỏi lắm thì hoặc làm lơ đi, hoặc gắt lên thì thật vô lý quá chừng. Chính mấy người này đã gieo cái ý nghĩ vẩn vơ ngờ vực vào tâm trí tôi. Đã một lần bà tôi vẫy tôi lại, ôm tôi vào lòng xoa đầu nói:\r\n\r\n- Ai đẻ mày?\r\n\r\nNhìn những miếng bánh kẹo thơm phức trong giấy bóng xanh đỏ ở tay bà tôi, tôi nũng nịu đáp:\r\n\r\n- Bà đẻ con.\r\n\r\nBà tôi lừ mắt, tát vào má tôi:\r\n\r\n- Bố mày, chỉ được cái hóm thôi. Không phải!\r\n\r\n- Vậy con là con cậu bà nhỉ?\r\n\r\nBà tôi lườm tôi một cái dài, lại hỏi:\r\n\r\n- Cậu làm gì?\r\n\r\n- Cậu làm ông xếp đề lao.\r\n\r\nBà tôi, vẫn một giọng ngọt ngào:\r\n\r\n- Còn cái Quế là con ai?\r\n\r\nTôi đã hơi cáu vì thèm ăn lắm mà chưa được miếng nào, tôi ngoẹo đầu ngoẹo cổ, phụng phịu:\r\n\r\n- Con không biết!\r\n\r\nBà tôi lại tát nhẹ vào má tôi:\r\n\r\n- Láo nào! Bố mày! Nói đi rồi bà cho.\r\n\r\nNhưng tôi dại gì chậm nói để chậm ăn, tôi liền kéo tay bà tôi cầm bánh thấp xuống tí nữa:\r\n\r\n- Em Quế cũng là con cậu.\r\n\r\nTôi đã thất vọng. Bà tôi hừ mạnh một tiếng, đổi nét mặt:\r\n\r\n- Không phải!\r\n\r\nTôi gắt lên:\r\n\r\n- Chả con cậu là con ai? Không cho con thì thôi!\r\n\r\nDứt lời, tôi gỡ tay bà tôi, chực chạy đi chỗ khác. Bà tôi phải bóc ngay phong bánh, bẻ cho tôi một nửa rồi cặp chặt tôi vào hai đầu gối:\r\n\r\n- Bà bảo không phải là không phải mà.\r\n\r\nTôi không cắn bánh vội, cau mặt nhìn bà tôi:\r\n\r\n- Thế nó không phải là con cậu con, sao nó lại được ăn sữa bò, lại có vú bế?\r\n\r\nTôi lý luận như thế vì tôi cho rằng được vú em chăm bẵm và ăn sữa bò là một vinh hạnh, một sự biệt đãi. Tôi có biết đâu rằng bà tôi chẳng muốn mẹ tôi bận bịu vì em gái tôi, để tôi được độc quyền hưởng sự nuôi nấng chăm bẵm của mẹ tôi. Bà tôi lại xoa đầu tôi và cười. Nụ cười làm rung động cặp môi rạn nứt, chảy xệ ấy, tôi vẫn chẳng thấy gì là vui vẻ.\r\n\r\nVà nụ cười vừa tắt, bà tôi lặng ngay nét mặt nói:\r\n\r\n- Không phải! Cái Quế nó là con thằng cai H.\r\n\r\nTôi mở to mắt, lay mạnh vai bà tôi:\r\n\r\n- Bà nói dối để không cho con nốt chỗ bánh kia. Nó cũng là con cậu.\r\n\r\nCặp mày lơ phơ trên đôi mắt nâu càng chau lại, nhưng giọng nói bà tôi lại trở lại nhẹ nhàng, ngọt ngào:\r\n\r\n- Không! Bà bảo thật mày đấy, nó không phải là con cậu mày mà là con thằng…\r\n\r\nBà tôi ngừng lại, đăm đăm nhìn vào mặt tôi:\r\n\r\n- Mày có biết thằng cai H. không?\r\n\r\nTôi lắc đầu. Bà tôi nghiêm nét mặt:\r\n\r\n- Cái thằng buổi chiều nào cũng dẫn lính sang đề lao và thổi kèn ấy mà.\r\n\r\nTôi reo lên:\r\n\r\n- Thế thì con biết rồi!\r\n\r\nNhưng tôi chẳng cần hiểu biết rõ rệt hơn đứa em gái thật là con thầy tôi hay là con ai cũng được, thấy bà tôi hớ hênh tôi liền giật phăng cả gói bánh và mấy chiếc kẹo, chạy tót ra đường… Và một lần, dưới gốc cây xoan tây, trước một cái bếp bằng những hòn gạch vỡ và đốt bằng những cành xoan và lá vàng khô, tôi được ẵm trong lòng một người đàn bà vẫn đong gạo và vay tiền của mẹ tôi. Trước thì tôi mải chơi với một con mèo nhỏ vờn quấn dưới chân tôi nên tôi không để ý đến chuyện trò của người đàn bà ấy với một người đàn bà khác, nhiều tuổi hơn, yếm trắng, thắt lưng xanh, cũng là vợ một người cai lính khố xanh, và cặp mắt vẻ mày cũng sắc sảo lắm. Khi con mèo bị tôi nắm đuôi chặt quá chóe lên một tiếng, cào tôi rồi chạy đi chỗ khác, tôi mới bắt đầu chú ý nghe. Người đàn bà ôm tôi cười toe toét. Người kia lại còn lắm miệng hơn. Nhiều lúc cả hai cùng nhìn tôi, mắt ánh hẳn lên rồi cười rũ rượi. Tôi không ngạc nhiên lâu mà liền căm tức. Cái căm tức dội lên nghẹn ngào. Nhưng tôi phải yên lặng. Không biết một sức mạnh gì đã giữ riết lấy tôi không cho tôi chồm lên, không cho tôi văng vào mặt họ mà đấm đá mà chửi rủa. Hai người đàn bà này chê bai bới móc mọi người hàng xóm chán rồi lại quay về chuyện nhà tôi. Nào thầy tôi nghiệt ngã, thâm hiểm lắm. Trái lại, mẹ tôi vừa trai lơ, vừa dễ dãi, và gần như đần độn nữa ấy, chẳng biết gì cả. Còn bà tôi thì đủ các tính ác, tính xấu, những cái ác, cái xấu của những người đàn bà từ thuở lọt lòng đã phải sống với những thành kiến, những lề thói tối tăm cay nghiệt, rồi phải coi học thức như là một sự quái gở, tự do như là tội lỗi, và thích thú sự áp chế, hành hạ nếu mình được dịp và có quyền áp chế, hành hạ kẻ khác. Sau cùng, giọng nói của người đàn bà nhiều tuổi có cặp mắt sắc sảo bỗng nhỏ đi. Y trỏ một người trắng trẻo, không phải bồng súng, đương chắp tay sau lưng đi lại ở cổng đề lao, thì thầm với người đàn bà ôm tôi bỏm bẻm nhai trầu:\r\n\r\n- Con bé em thằng này là con hắn ta đấy!\r\n\r\n* * *\r\n\r\nBuổi chiều nào cũng vậy, dù nắng nực hay mưa rét, tốp lính khố xanh ấy cũng phải đi qua nhà tôi. Vừa đúng hai chục người: mùa hạ, quần áo vải vàng, mùa đông, quần áo dạ tím. Họ đi chân không, quấn xà cạp, đội nón chóp đồng. Ba người hàng đầu đeo ở cánh tay áo một chiếc lon màu hoa lý to hơn chiếc đũa. Cùng hàng với ba người này, ở bên trái, cách chừng một bước là một người tầm thước, gương mặt trắng hồng, mắt sáng, sống mũi hơi cao, hai hàm răng trắng phau. Y ăn vận gọn ghẽ hơn cả. Tay y đeo hai lon vàng đính thêm một đường chỉ đỏ thêu to. Chân y đi giày vải đen, bít tất bao giờ cũng trắng như mới. Không phải bồng súng, y ung dung cầm một chiếc kèn đồng có tua đỏ mỗi lần hoa nhanh lên lại tỏa ra một làn ánh sáng vàng diệp dưới ánh nắng rực rỡ của chiều hè.\r\n\r\nCứ khi nào tốp lính đến gần nhà tôi ở xế cổng đề lao thì tiếng kèn vang lên, vui vẻ quá, hùng tráng quá. át cả tiếng vỏ lưỡi lê đập phanh phách vào đùi và những bước chân xoàn xoạt, tiếng kèn mỗi giây một dướn cao, một vang to, rung động cả làn không khí êm ả của một góc trời. Rồi nương tiếng gió lao xao trong những chòm cây phấp phới, âm thanh nao nức, dồn dập của tiếng kèn càng cuốn lên cao, tràn ra xa, rất xa, đến những vùng xa sáng tươi nào đó. Càng về sau tiếng kèn càng niềm nở, ân cần như những lời thúc giục thống thiết rồi đổ hồi trong giây khắc đoạn im bặt. Một lúc lâu sau, một tốp lính khác ở cổng đề lao đi ra, vẫn người thổi kèn ấy. Lần này tiếng kèn nhanh hơn trước, nhịp với bước chân vội của tốp người nhọc mệt và đói ngấu mong ngóng sự nghỉ ngơi, no say… Hay bước đi, bước đi, như làn lá nhỏ bay theo gió… Tiếng kèn vồn vã vẫn rõ ràng, trong sáng, và bầu trời mở rộng vẫn rung vang. Sau tốp lính, một lũ đàn bà, trẻ con long tong chạy theo, trên lưng, những đứa bé ngổm lên ngổm xuống như cưỡi ngựa. Quá nhà tôi một quãng ngắn, tiếng kèn lại dần dần dướn cao lên. Đến khi tốp lính và lũ đàn bà trẻ con bị những lớp găng dày của một góc vườn um tùm và một hàng cây che khuất thì tiếng kèn tắt hẳn. Gió chiều bỗng rít dài lên, nền mây rung mạnh, khi âm vang của tiếng kèn không còn một gợn sóng. Đương nắm tay tôi, tự nhiên mẹ tôi buông mạnh ra bước xô xuống thềm gạch, ra đường. Tôi ngạc nhiên, níu chặt lấy vạt áo mẹ tôi, cuống quýt:\r\n\r\n- Mợ ơi! Chờ con với. Mợ ơi!…\r\n\r\n* * *\r\n\r\nBao nhiêu buổi chiều như thế? Đã mấy năm chiều như thế? Tôi không thể ghi rõ là bao nhiêu mà chỉ nhớ rằng mẹ tôi đã không biết bao nhiêu lần dắt tôi ra sân trước, đón những tốp lính kia đi qua với tiếng kèn rộn rã tưng bừng để rồi một lúc lâu sau chậm chạp dắt tôi trở vào. Mẹ tôi đã đứng trong tươi sáng và ấm áp ở ngoài trời hay trong gió lạnh, mưa bay ở dưới mái hiên, và, bao nhiêu buổi chiều êm ả đã qua, óc non nớt của tôi ghi làm sao được không lầm, không sót những con số nhất định? Nhưng trong hồn tôi thì mãi mãi rõ ràng thắm nét hình ảnh những con mắt của mẹ tôi sáng lên nhìn người thổi kèn và hai gò má mẹ tôi ửng hồng khi gặp cặp mắt long lanh của người đàn ông nọ chiếu tới. Và cho tới ngày trọn đời, tôi không thể nào quên được cái cảm giác là lạ do một bàn tay nhỏ nhắn run run bỗng từ đầu tuột xuống vai tôi, và một màng lành lạnh mong manh vương qua một cặp mắt lờ đờ nhìn vào mắt tôi chợt làm ngực tôi lạnh dợi đi… Rồi đến một giọng van lơn khi tôi níu lấy áo mẹ tôi kéo vào nhà lúc không còn bóng dáng và tiếng kèn của tốp lính nữa.\r\n\r\n- Đừng quấn mãi lấy chân mợ mà!… Thôi!… Con đi trước đi mợ xin theo con…\r\n\r\nRồi một buổi chiều, tôi cũng không thể nhớ rõ là một buổi chiều rực rỡ hay âm u, mẹ tôi không dắt tôi ra sân nữa. Và từ buổi ấy trở đi, chỉ có mình tôi lon ton chạy ra đón xem tốp lính đi qua với một người thổi kèn khác. Lắm lúc thấy tiếng kèn vui quá tôi chạy vào nhà, nắm tay mẹ tôi, hết sức kéo dậy. Nhưng mẹ tôi hoặc gỡ tay tôi ra rồi quay mặt vào tường hoặc tiện thể kéo ngả người tôi vào lòng mà ôm lấy tôi. Bên tai tôi, tiếng ngực mẹ tôi đập mạnh lạ thường, và từ mảng ngực phập phồng nóng ran lên đó truyền sang da thịt tôi những cảm giác ấm áp giữ tôi lại rất lâu trong cánh tay mẹ tôi. Lúc bấy giờ mắt tôi như mờ đi vì hơi thở nóng sực của mẹ tôi và tôi càng bâng khuâng trong đôi mắt thẫn thờ như muốn khóc của mẹ tôi.\r\n\r\n* * *\r\n\r\nEm Quế chính là con “cậu” tôi. Anh họ tôi, các cô tôi, cả bà tôi và những người hàng xóm dần dần bảo tôi như thế sau ngày người cai kèn kia đổi đi nơi khác không biết là đóng ở đâu và mẹ tôi càng kính cẩn hầu hạ bà tôi, càng chiều chuộng thầy tôi và chăm nom anh em tôi. Nhưng cũng từ ngày ấy tôi càng ít thấy hai thân tôi trò chuyện vui vẻ với nhau trừ khi ở trước mặt bà tôi hay những người nào thân thiết nhất. Tới năm em gái tôi khôn lớn cũng thế, thầy mẹ tôi không bao giờ nhìn thẳng vào nhau mà hỏi gọi nhau, cười nói với nhau. Trong con mắt, giọng nói và nụ cười của hai thân tôi bao giờ cũng đượm vẻ trầm lặng, chua chát, hờn tủi. Sự đau đớn âm thầm ấy theo dõi mãi mãi thầy tôi và mẹ tôi với cái kỷ niệm sâu sa của mấy đêm kia - tôi tin chắc chỉ mấy đêm thôi - hai con người đã phải gắng gượng ăn nằm với nhau, và để khỏi tủi lòng hai đứa con có phúc lọt vào một cửa giàu có và hiếm hoi, hai người càng cố phải gần gũi nhau trong một sự êm ấm giả dối vô cùng.', 12),
(4, 16, 6, 'Nguồn gốc các loài', 110000, '../../images/sach/4.jpg', 'Nguồn gốc các loài (tiếng Anh: On the Origin of Species) của Charles Darwin (xuất bản năm 1859) có thể được coi là một trong các ấn phẩm khoa học tiêu biểu và là tác phẩm nòng cốt của ngành sinh học tiến hóa.[3] Tên đầy đủ của cuốn sách là Về nguồn gốc các loài thông qua chọn lọc tự nhiên, hay việc gìn giữ các chủng ưu thế thông qua cuộc đấu tranh sinh tồn. Cuốn sách giới thiệu giả thuyết cho rằng quần thể các loài tiến hóa qua các thế hệ thông qua một quá trình chọn lọc tự nhiên. Điều này gây tranh cãi vì nó mâu thuẫn với các niềm tin tôn giáo lúc đó đặt bên dưới các giả thuyết về sinh vật học. Quyển sách của Darwin đã là tột đỉnh của bằng chứng mà ông đã tích lũy trước đó trong chuyến đi của Beagle vào thập niên 1830 và được mở rộng ra thông qua các cuộc điều tra và thí nghiệm kể từ khi ông quay về.[4]\r\n\r\nNhững ý tưởng tiến hóa khác nhau đã được đề xuất để giải thích những phát hiện mới trong sinh học. Vẫn có sự ủng hộ cho các ý tưởng này bên cạnh sự phản đối từ các nhà giải phẫu học ​​và công chúng, nhưng trong nửa đầu của thế kỷ 19, cơ sở khoa học Anh đã gắn liền với Giáo hội Anh Quốc, khi đó, khoa học là một phần của thuyết phiếm thần (thần học tự nhiên). Những ý tưởng về việc các loài có thể biến đổi đã gây tranh cãi vì chúng mâu thuẫn với niềm tin rằng các loài là bất biến trong một hệ thống đã được thiết kế và con người là độc nhất, không hề liên quan đến các loài động vật khác. Những hàm ý chính trị và thần học đã được tranh luận mạnh mẽ, nhưng quan điểm các loài có thể biến đổi đã không được chấp nhận bởi giới khoa học chính cống.\r\n\r\nCuốn sách được viết cho độc giả không chuyên và thu hút sự quan tâm rộng rãi khi xuất bản. Darwin là một nhà khoa học nổi tiếng, những phát hiện của ông đã được xem xét nghiêm túc và bằng chứng ông đưa ra đã đưa đến các cuộc thảo luận khoa học, triết học và tôn giáo. Cuộc tranh luận về cuốn sách đã góp phần vào chiến dịch của T. H. Huxley và các thành viên khác của Hội X để thế tục hóa khoa học (tức là tập trung vào khoa học hơn là bàn luận triết học và tôn giáo) bằng cách cổ động chủ nghĩa tự nhiên. Trong vòng hai thập kỷ, đã có một sự công nhận rộng rãi trong giới khoa học rằng sự tiến hoá, với các nhánh phát sinh từ tổ tiên, đã diễn ra, nhưng các nhà khoa học đã chậm công nhận chọn lọc tự nhiên mà Darwin cho là thích hợp. Trong thời \"Nhật thực của thuyết Darwin\" từ những năm 1880 đến những năm 1930, nhiều cơ chế tiến hóa khác được đề xuất và vươn lên. Với sự phát triển của Thuyết tiến hóa tổng hợp hiện đại trong những năm 1930 và 1940, ý tưởng Darwin về sự thích nghia tiến hóa thông qua chọn lọc tự nhiên đã trở thành trung tâm của lý thuyết tiến hóa hiện đại, và bây giờ nó đã trở thành khái niệm thống nhất của khoa học đời sống.\r\n\r\nQuyển sách này phù hợp cho cả độc giả không phải là chuyên gia và đã thu hút sự quan tâm rộng rãi khi xuất bản. Cuốn sách đã gây tranh cãi và đã tạo ra nhiều cuộc thảo luận về nền tảng tôn giáo, triết học và khoa học. Tranh cãi tạo hóa-tiến hóa đôi lúc gay gắt vẫn tiếp tục đến ngày nay.', 0),
(5, 16, 5, 'Lược sử thời gian', 105000, '../../images/sach/5.jpg', 'Cuốn sách mà chúng tôi giới thiệu với các bạn sau đây có tên là “Lược sử thời gian” (A Brief History of Time), một cuốn sách tuyệt diệu, được viết bởi một trong những nhà khoa học vĩ đại nhất của thời đại chúng ta: nhà toán học và vật lý lý thuyết người Anh Stephen Hawking.\r\n\r\nS.W. Hawking sinh năm 1942. Trong cuộc sống cá nhân, ông gặp nhiều bất hạnh. Năm 1985, ông bị sưng phổi và sau khi phẫu thuật mở khí quản, Hawking mất khả năng phát âm. Trước đó, một căn bệnh tê liệt thần kinh (bệnh ALS) đã gắn chặt ông vào chiếc xe đẩy. Hawking chỉ còn cách làm việc và giao tiếp với mọi người bằng một máy vi tính và một máy tổng hợp tiếng nói lắp liền với ghế. Tuy nhiên, tất cả những bất hạnh này không quật ngã được ý chí của nhà vật lý thiên tài. Hiện nay ông là giáo sư tại Đại học Cambridge (Anh), ở chức vụ mà ngày xưa Newton, rồi sau đó là P.A.M. Dirac, đảm nhiệm. Ông chuyên nghiên cứu về lý thuyết tương đối rộng. Những kết quả thu được cùng với George Ellis, Roger Penrose,… và nhất là sự phát hiện khả năng bức xạ của các các lỗ đen đã đưa Hawking lên hàng những nhà vật lý nổi tiếng nhất thế giới.\r\n\r\nCuốn “Lược sử thời gian” được viết xong năm 1987. Ngay từ khi ra đời, nó đã trở thành một trong những cuốn sách bán chạy nhất thế giới. “Lược sử thời gian” đứng trong danh mục sách bán chạy nhất của New York Times trong 53 tuần, và tại nước Anh, 205 tuần liền nó có tên trong mục sách bán chạy nhất của Sunday Times. Chính Stephen Hawking cũng phải kinh ngạc. Từ trước đến nay, chưa có một cuốn sách khoa học nào được công chúng đón nhận nồng nhiệt như vậy (tuy rằng nhiều người nói, họ mua nó chỉ để bày ở tủ sách chứ không thực sự đọc. Về điểm này, cuốn sách của Hawking cũng có số phận tương tự như Kinh Thánh hoặc các vở kịch của Shakespeare).\r\n\r\nBằng một lối trình bày sáng sủa, giọng văn hài hước, hơi nhuốm màu bi quan, Stephen Hawking đã dẫn dắt người đọc phiêu lưu suốt lịch sử vũ trụ, từ khi nó còn là một điểm kỳ dị với năng lượng vô cùng lớn, cho tới ngày nay. Cuộc tìm kiếm của Hawking giúp người đọc khám phá hết bí mật này đến bí mật khác. Đôi khi ông dụ độc giả vào những ngộ nhận tưởng như rất có lý, rồi lại bất ngờ chỉ ra sự phi lý trong cách nghĩ, để rồi phá vỡ mọi ngộ nhận. Cuốn sách đề cập đến những vấn đề nghiêm trọng và hóc búa nhất của vật lý lý thuyết, như vụ nổ lớn, lỗ đen, không – thời gian, thuyết tương đối, nguyên lý bất định… mà không hề làm bạn đọc bị rối. Bản tiếng Việt mà chúng tôi giới thiệu với các bạn sau đây được dịch bởi Cao Chi và Phạm Văn Thiều, nhà xuất bản Văn hóa Thông tin, Hà Nội, 2000.\r\n\r\nMinh Hy', 0),
(6, 1, 9, 'Tắt đèn', 79000, '../../images/sach/6.jpg', 'Bắt đầu từ gà gáy một tiếng, trâu bò lục-tục kéo thợ cầy đến đoạn đường phía trong điếm tuần.\r\n\r\nMọi ngày, giờ ấy, những con-vật này cũng như những người cổ cầy, vai bừa kia, đã lần-lượt đi mò ra ruộng làm việc cho chủ. Hôm nay, vì cổng làng chưa mở, chúng phải chia quãng đứng rải-rác ở hai vệ đường, giống như một lũ phu vờ chờ đón những ông quan lớn.\r\n\r\nDưới bóng tối của rặng tre um-tùm, tiếng trâu thở hì-hò, tiếng bò đập đuôi đen- đét, sen với tiếng người khạc khúng-khắng.\r\n\r\nCảnh-tượng điếm tuần thình-lình hiện ra trong ánh lửa lập-lòe của chiếc mồi rơm bị thổi. Cạnh giẫy sào, giáo ngả nghiêng dựng ở giáp tường, một lũ tuần-phu lố-nhố ngồi trên lớp chiếu quằn-quèo. Có người phì-phò thổi mồi. Có người ve-ve mồi thuốc và chìa tay chờ đón điếu đóm. Có người há miệng ngáp dài. Có người đang hai tay dụi mắt. Cũng có người gối đầu trên cái miệng hiệu sừng trâu, ngảnh mặt vào vách mà ngáy.\r\n\r\nCái điếu cày và cái đóm lửa bị năm, sáu người chuyền tay, chiếu đi, chiếu lại độ vài ba vòng, ánh lửa lại tắt, trong điếm chỉ còn tiếng nói chuyện rầm-rầm.\r\n\r\nGà gáy giục. Trời sáng mờ-mờ.\r\n\r\nTrâu bò, con đứng, con nằm, thi nhau quai hai hàm răng nhai trầu xuông và nhả ra những cục nước bọt to bằng cái trứng.\r\n\r\nThợ cầy khắp lượt dùng bắp cầy, vai cầy làm ghế ngồi, cùng nhau bàn tán băng-cua về chuyện sưu thuế.\r\n\r\nNhững con chèo-bẻo chẽo-choẹt hót trên ngọn tre, như muốn họa lại khúc ca réo-rắt - mà người quê vẫn gọi là khúc váy cô, cô cởí - của mấy con chào-mào đậu trên cành xoan, đon- đả chào vẻ tươi đẹp của cảnh trời buổi sáng.\r\n\r\nToang cổng vẫn đóng chặt. Tuần-phu lại lần lượt thổi mồi hút thuốc lào.\r\n\r\n- Ông Trương ơi, ông làm ơn mở cổng cho tôi đánh trâu ra đồng ạ. Mọi ngày bây giờ tôi đã cầy được ba sào ruộng rồi. Hôm nay, bây giờ còn nhong-nhóng ở đây... Phỏng chừng từ giờ đến trưa, cầy sao cho xong cái ruộng mẫu hai? Thôi ông làm phúc, làm đức...\r\n\r\nSau tiếng năn-nỉ của anh chàng cục-mịch, vai vác cầy, tay cầm thừng trâu, trương-tuần quẳng cái điếu cầy xuống đất, thở nốt khói thuốc trong miệng, rồi giương đôi mắt say thuốc lờ- đờ:\r\n\r\n- Nay chẳng xong thì mai! Ông Lý đã bảo thuế còn thiếu nhiều, không cho một con trâu, con bò nào ra đồng hết thảy...\r\n\r\n- Thưa ông, ông chủ tôi nóng tính lắm kia! Ông ấy đã dặn buổi nay tôi phải cầy cho xong ruộng ấy, nếu không xong, đến trưa về ăn cơm, ông ấy mắng như tát nước và nói như móc cơm ra... Chớ tôi có muốn vất-vả vào mình làm gì? Vả lại, ông Lý sai tuần đóng cổng, cốt để bắt trâu, bắt bò của người thiếu thuế kia chứ! Ông chủ tôi nộp thuế đủ từ hôm qua rồi, xin ông mở cổng cho tôi... !\r\n\r\nTrương-tuần nhăn mặt:\r\n\r\n- Tôi không phải tộc-biểu, không phải phần thu, biết điếc gì đâu ông chủ anh nộp thuế rồi hay chưa nộp. Bây giờ mở cổng cho anh, chốc nữa ông Lý ông ấy chửi cha tôi lên, anh có-nghe hộ tôi không?\r\n\r\nAnh chàng cục-mịch lủi-thủi đánh trâu gồng cầy lùi xuống, để nhường khu đất trước điếm cho người khác vác bừa và đuổi trâu lên.\r\n\r\n- Người ta trâu của nhà, ông chẳng cho ra thì chớ. Đây tôi, trâu thuê... đồng hai một buổi đáp, ông ạ. Xin ông lượng tình mà ngỏ cổng cho tôi ra đồng kẻo trưa quá mất rồi.\r\n\r\nNgười ấy nói tuy thiết-tha, trương-tuần chỉ đáp lại bằng cái lắc đầu:\r\n\r\n- Nếu trưa quá thì bừa luôn đến chiều. Trâu thuê sợ gì!\r\n\r\n- Thế được thì còn gì nói truyện gì nữa! Của một đống tiền, ai để cho mình ốp nó đến chiều? Chỉ đến non trưa, ông chủ có trâu cho thuê đã ra tận ruộng tháo vai trâu mà dắt trâu về, muốn bừa thêm một nửa đường nữa cũng không cho, ông ạ. Thôi! Mùa làm ăn, ông nghĩ lại... !\r\n\r\n- Tôi chẳng nghĩ lại, nghĩ đi gì cả! Bố tôi sống lại, bảo tôi mở cổng này bây giờ, tôi cũng xin chịu đừng nói anh...\r\n\r\nNgười ấy lại vác bừa, đưa trâu trở lại chỗ cũ với cái sắc mặt thìu-thịu.\r\n\r\nMặt trời ngấp nghé mặt lũy, muốn nhòm vào điếm. Tuần-phiên lẻ-tẻ vác sào, cắp chiếu, đeo hiệu đi về. Trong điếm chỉ còn trương-tuần duỗi gối kiểu gọng bừa, ngồi trên chiếc chiếu điểm những tro mồi, bã điếu, đốc suất mấy tên đàn em ở lại canh ngày.\r\n\r\nXa xa nẻo trong đình, một hồi mõ cá thật dài, tiếp luôn đến trống ngũ-liên nện đủ ba hồi chín tiếng.\r\n\r\nNhư có vẻ kinh ngạc về những thứ hiệu lệnh dữ dội, mấy con trâu bò đanh nằm còng queo trên đường, đồng thời lóp-ngóp đứng dậy.\r\n\r\n- Mẹ cha chúng nó! Hôm nay vẫn chưa đóng thuế, chúng nó định để tội vạ cho ai? Được! Cứ bướng đi, ông mà bắt hết trâu bò bán ráo!...\r\n\r\nTiếng chửi om-sòm như giục mấy chục cặp mắt ngơ-ngẩn của bọn cầy đều phải nghiêng về phía đình. Ông lý nách cắp cuốn sổ, một tay cầm cây gậy song, một tay xếch đôi ống quần móng lợn, vừa đi vừa ra phía điếm tuần vừa thét mắng những người chậm thuế.\r\n\r\nĐã năm hôm nay, nghĩa là sau khi bài-bổ trình phủ đã giao về với một chữ ý, Lý-trưởng Đông-xá ngày nào cũng vất-vả về thuế.\r\n\r\nĐầu tiên hắn còn cho mõ đi rao. Rồi đến tộc-biểu, phần thu đi hỏi. Rồi đến đầy-tớ của hắn đưa đầy-tớ chánh-tổng đi thúc từng người. Trong năm ngày nay, ngày nào cũng vậy, mõ cá, trống thúc liên hồi, hiệu ốc, hiệu sừng thổi inh- Ỏi. Suốt từ sáng sớm cho tới tối mịt, trong làng lúc nào cũng như đám đánh cướp. Bây giờ đã gần đến ngày đổ thuế, công việc càng gấp. Hôm qua hắn đã lên phủ, xin với ông phủ phái cho một người cai lệ và hai người lính cơ về làng để trừng-trị những kẻ bướng-bỉnh.\r\n\r\nNhờ có cái thần-thế ấy, hắn mới chửi rỡ, thét mắng khắp làng cho oai.\r\n\r\nThợ cầy và tuần-phu đều biết cái hách- dịch của ông Lý, ai nấy chỉ đáp lại những câu chửi chùm chửi lợp bằng sự nín im.\r\n\r\nTrâu, bò nhiều con vẫy tai như muốn chào một người chức-việc chăm-chỉ phận-sự trong khi người ấy qua trước mặt chúng.\r\n\r\nBước lên sàn điếm, Lý-trưởng quăng tạch cuốn sổ xuống sàn, giơ tay chỉ vào mặt mấy tên đàn em:\r\n\r\n- Hiệu không thổi, để làm sỏ bố chúng bay à?\r\n\r\nMột hồi còi tu-tu đồng thời nổi lên, hiệu sừng sen với hiệu ốc theo đúng hiệu ốc cố theo đúng mệnh của nhất lý chi trưởng .\r\n\r\nĐập hai bàn chân vào nhau, rũ cho sạch bụi, rồi co chân lên ngồi vào chiếu, Lý-trưởng vớ luôn lấy chiếu điếu cầy và sai tuần-phủ lấy đóm, thổi lửa.\r\n\r\nMấy anh thợ cày của những điền-chủ đã nộp đủ thuế, bạođạn tiến đến trước mặt ông Lý:\r\n\r\n- Thưa ông, trưa lắm rồi! Xin ông cho tuần mở cổng để chúng tôi đánh trâu đi cầy!...\r\n\r\n- Thong thả! Hãy đứng đấy! Cầy đã nóng bằng thuế của nhà nước à?\r\n\r\nVừa nói, Lý-trưởng vừa giặt mồi thuốc vào điếu, hút luôn một sạp ba điếu. Khói thuốc theo hai lỗ mũi tuôn ra như hai ngà voi. Lý-trưởng dõngđạc:\r\n\r\n- Trương-tuần, anh bảo nó mở cổng ra. Nhà nào đủ thuế thì cho trâu bò ra đồng. Còn nhà nào thiếu thì bắt trâu bò điệu cả về đình cho tôi, để tôi liệu cho chúng nó!\r\n\r\nSau một tiếng dạ của Trương-tuần, mấy tên đàn em loay-hoay tháo nêm, rút then cổng. Rồi cùng đứng doãi chân chèo, cố lấy hết sức của lực điền, xuống gạch vì cối cổng đã mòn nhiều quá. Lý trưởng đứng lên mở sổ sướng tên những người đủ thuế cho Trương-tuần nghe. Ước chừng mươi con trâu bò được đi với bọn thợ cầy cùng ra ngoài cổng. Còn độ hai chục con nữa đều phải vâng lệnh ông Lý, theo gót Trương-tuần và tuần-phu lũ-lượt kéo vài sân đình, chờ khi phải chịu tội thay cho chủ.', 8);
INSERT INTO `sach` (`id_sach`, `id_the_loai`, `id_tac_gia`, `ten_sach`, `gia`, `link_anh`, `noi_dung`, `da_ban`) VALUES
(7, 1, 11, 'Đôi lứa xứng đôi', 79000, '../../images/sach/7.jpg', 'ăn học tiếng Việt nửa đầu thế kỷ XX chứng kiến sự phát triển mạnh mẽ, phong phú, đặc sắc của văn xuôi tự sự trong các thể tài phóng sự, truyện ngắn, truyện dài, tùy bút... Đến nay, sau gần một thế kỷ, trải qua nhiều thăng trầm, không ít tác phẩm trong số này đã chứng tỏ giá trị lâu dài của mình và trở thành những mẫu mực hầu như không thể vượt qua - những tác phẩm kinh điển. Tuy vậy, sự lắng đọng của giá trị, sự kết tinh của mẫu mực, ở khu vực di sản này vẫn là những tiến trình đang diễn biến hơn là đã hoàn tất. Do vậy, việc chọn ra và giới thiệu một cách tương đối có hệ thống những tác phẩm thuộc phần di sản này, là việc cần thiết.\r\nỞ cuốn sách bạn đọc đang cầm trên tay, chúng tôi giới thiệu tập truyện ngắn Đôi lứa xứng đôi của nhà văn Nam Cao (1917-1951).\r\nTập truyện ngắn Đôi lứa xứng đôi, ký bút danh Nam Cao, ra mắt bởi nhà xuất bản Đời Mới tại Hà Nội năm 1941, gồm 7 truyện: \"Đôi lứa xứng đôi\", \"Nguyện vọng\", \"Hai khối óc\", \"Giờ lột xác\", \"Chú Khì người đánh tổ tôm vô hình\", \"Ma đưa\", \"Cái chết của con Mực\". Được biết, truyện đứng đầu tập vốn được tác giả đặt tên trong bản thảo là \"Cái lò gạch cũ\", nhưng người viết lời tựa cho tập truyện - nhà văn Lê văn Trương - đổi thành \"Đôi lứa xúng đôi\", có lẽ nhằm gây chú ý cho công chúng đương thời, về sau, khi đưa in lại truyện này trong tập Luống cày (tập truyện của 4 tác giả: Nguyên Hồng, Nam Cao, Nguyễn Huy Tưởng, Kim Lân, Hội Văn hóa cứu quốc xuất bản, Hà Nội, 1945!, tác giả Nam Cao đổi tên truyện của mình thành \"Chí Phèo\".\r\nXuất hiện giữa những năm mà cuộc chiến tranh thế giới thứ hai (1939-1945) đang ngày càng khốc liệt, khi các diễn biến cuộc chiến ở tận giời Âu hay ở ngay châu Á hầu như chi phối, thu hút mọi sự quan tâm của người đương thời, kể cả các giới làm báo làm văn, tập truyện Đôi lứa xứng đôi hầu như đã không gây được động tĩnh gì trong dư luận văn nghệ. Song điều đó không hề làm nản chí tác giả Nam Cao: chính đây là lúc ông bước vào những năm tháng sáng tác sung sức và hiệu quả nhất của mình, với hàng loạt truyện ngắn, truyện vừa, truyện thiếu nhi, xuất hiện hầu như hằng tuần trên các tờ báo ở Hà Nội.\r\nPhải qua gần hai chục năm sau, trong đời sống hòa bình, giá trị thực sự của các sáng tác của Nam Cao mới được thừa nhận rộng rãi trong các giới sáng tác và phê bình, nghiên cứu văn học.\r\nTruyện \"Chí Phèo\" hầu như được nhất trí xem như một kiệt tác, đỉnh cao trong văn nghiệp Nam Cao. đồng thời là kiệt tác đỉnh cao của văn xuôi tự sự Việt Nam những năm 1930-1945.\r\n\"Chí Phèo\" kể về cuộc đời một anh dân cày lưu manh hóa. Là một đứa trẻ bị bỏ rơi ngay từ lúc lọt lòng, Chí Phèo may mắn được người ta nhặt về nuôi rồi trở thành canh điền nhà Bá Kiến, một kỳ mục có thế lực ở làng Vũ Đại. Vì một cớ riêng nào đấy, một ngày kia y bị bắt rồi bị đi tù. Bảy, tám năm sau y trở về làng như một tay anh chị, định gây sự với kẻ đã đẩy mình đi tù là Bá Kiến. Nhưng viên kỳ mục này cao mưu nên rốt cuộc Chí trở thành tay chân của Bá Kiến, trở thành kẻ chuyên nghề đâm thuê chém mướn. Suốt vài chục năm liền Chí chìm trong những cơn say, làm việc ác trong lúc say, đến nỗi y không biết rằng mình đã trở thành một con quỷ dữ trong làng.\r\nMột ngày kia, sau một cuộc rượu say sưa, trên đường về nhà, giữa vườn chuối trên bãi sông, y bỗng thấy một người đàn bà. Đấy là thị Nở, nhà cũng gần vườn nhà Chí, một người ngẩn nga, đã xấu xí ma chê quỷ hờn, lại có bệnh hủi; thị đi kín nước dưới sông, tạm ngồi nghỉ rồi ngủ quên. Y sán đến ôm lấy, người đàn bà thức dậy vật lộn với y, dọa kêu làng. Ngạc nhiên vì có người dám dọa kêu làng, là cái đã gần như độc quyền của mình, y vừa cất tiếng la làng vừa đè người đàn bà xuống. Hành vi ấy khiến thị Nở bật cười, rồi từ chống đối thị xoay ra ưng thuận. Sau cuộc tình, cả hai ngủ thiếp đi. Gần sáng, Chí thức dậy vì bị một cơn đau bụng rồi nôn thốc nôn tháo. Thị Nở dìu y vào lều, rồi trở về nhà nấu nồi cháo hành mang sang cho y. Suốt năm ngày, cả hai được sống những giờ phút hạnh phúc và quyết định lấy nhau. Nhưng dự định ấy hỏng ngay khi thị Nở về hỏi bà cô ruột, bị mắng một trận, nhất quyết không cho. Thất vọng, Chí lại uống và lại đến gây sự với Bá Kiến. Bá Kiến lại cho tiền nhưng lần này Chí đến không phải để xin tiền. Y bảo đến để xin làm người lương thiện, nhưng y biết là không thể được nữa rồi, vậy chỉ còn một cách. Y rút dao đâm nhiều nhát vào Bá Kiến, vừa đâm vừa la làng. Khi có người chạy đến thì thấy y đã nằm giãy giụa giữa đám máu tươi. Bá Kiến và Chí Phèo đều chết. Bà cô thị Nở được dịp đay nghiến cháu. Thị Nở nhìn xuống bụng mình, nghĩ không biết sẽ ra sao nếu mình có chửa, rồi thị nghĩ đến cái lò gạch bỏ hoang...\r\nGiới nghiên cứu đánh giá cao sự khám phá của Nam Cao về xã hội làng quê người Việt, nhất là làng xã đồng bằng miền Bắc, nơi mà sự phân tầng xã hội đã chia ra thành những nhóm người, những loại người. Bên cạnh nhóm đông nhất là những người vô danh trong làng, nổi bật lên hai nhóm: nhóm cường hào, vai vế bề trên gồm những Bá Kiến, Lý Cường. Đội Tảo... và nhóm cùng đinh lưu manh hóa gồm những Chí Phèo, Binh Chức, Năm Thọ... Nhóm cường hào cai trị, bòn rút đám đông dân quê, lại cũng cạnh tranh, sát phạt nhau... chính vì vậy, nhóm cùng đinh lưu manh hóa đã được bọn cường hào sử dụng làm tay chân để trừng trị lẫn nhau và áp chế dân làng.\r\nNhiều tác phẩm tự sự trong văn học thời kỳ 1930-1945, của Ngô Tất Tố, Vũ Trọng Phụng, Nguyễn Đình Lạp, v.v... cũng đã tố cáo nạn cường hào áp chế dân lành ở các làng quê. Nam Cao và một số nhà văn khác, từ những năm 1940 trở đi, nhấn thêm những nét thẫm màu ở bức tranh làng quê quen thuộc ấy, do sự xuất hiện đám cùng đinh lưu manh hóa, bị bọn cường hào lợi dụng.\r\nĐiều đáng kể là Nam Cao không chỉ mô tả những nông dân lưu manh hóa như những con người bị tha hóa, mất nhân tính, trở thành những công cụ gieo rắc tội lỗi, gieo rắc sự kinh hoàng vào đời sống làng quê. Ở nhân vật Chí Phèo, như nhiều nhà nghiên cứu chỉ ra, Nam Cao đã cho thấy cả xu thế tha hóa, vật hóa, phi nhân hóa ở những nông dân lưu manh hóa, lại cũng cho thấy cả sự cưỡng lại quá trình vật hóa, phi nhân hóa ở những nông dân ấy. Việc Chí Phèo đến nhà Bá Kiến đòi \"được làm người lương thiện\", rồi biết rằng không thể nào xóa đi những tội lỗi mình từng gây ra theo lệnh viên kỳ mục ấy, Chí xông đến giết lão rồi tự sát, - hành vi ấy được nhiều nhà nghiên cứu xem như biểu hiện sự cưỡng chống quyết liệt trước xu thế tha hóa ấy của người nông dân, của con người nói chung.\r\nĐặc sắc ngôn ngữ của Nam Cao trong truyện \"Chí Phèo\" là, hầu như lần đầu tiên trong văn xuôi tự sự nghệ thuật tiếng Việt ở thời đại mới, nhà văn đưa ra một kiểu lời kể như là của kẻ đứng bên trong nhân vật, hoặc thường là đứng kề nhân vật. Kiểu lời kể của kẻ hình như đứng bên trong nhân vật khiến cho việc mô tả các biến động tâm lý nhân vật trở nên hết sức năng động. Những cơn say của Chí Phèo, những mạch suy nghĩ của y, sự chuyển hướng bất ngờ của y từ suy nghĩ sang hành động... - tất cả những mảnh vụn đều trở nên liền lạc, hữu lý, do giác độ \"kề cận nhân vật\" này của người kể chuyện.\r\nThật ra, Nam Cao vẫn sử dụng ngôn ngữ tự sự kiểu \"cổ điển\", thường xuyên nhất vẫn là dùng lời kể từ ngôi thứ ba (\"vô hình\", \"biết tuốt\"), nhưng lời văn kể chuyện, dưới tay bút Nam Cao, dường như không cũ đi, với thời gian.\r\nBên cạnh truyện \"Đôi lứa xứng đôi\" (tức \"Chí Phèo\"), trong tập truyện đầu tay này của Nam Cao còn 6 truyện ngắn khác. Các truyện \"Nguyện vọng\", \"Hai khối óc\", \"Giờ lột xác\", \"Cái chết của con mực\" đều nói về những khía cạnh đời sống của giới trí thức nghèo, - viên chức nhỏ, nhà giáo,... cái giới sẽ còn được Nam Cao tiếp cận khai thác bằng những sáng tác hay hơn, kết tinh hơn, về sau. Hai truyện \"Chú Khì người đánh tổ tôm vô hình\", \"Ma đưa\" thuộc loại truyện ma, trong đó Nam Cao ghi lại những nét thuộc đời sống tâm linh, tâm thức dị đoan của người dân các làng quê thời ông.\r\nPhải nói là ở tập truyện ngắn đầu tay này, chất lượng các truyện rõ ràng là không đồng đều. Nhưng ở đây lại có \"Đôi lứa xứng đôi\" (tức \"Chí Phèo\") là một kiệt tác. Điều này cho thấy nhà văn Nam Cao đã định hình cả về văn phong, tư tưởng và nghệ thuật của mình từ rất sớm, hầu như chỉ sau dăm bảy năm vào nghề văn.\r\nTrân trọng giới thiệu cùng bạn đọc.\r\nHà Nội, 26/10/2014\r\nLại Nguyên Ân', 16),
(8, 1, 12, 'Ông già và biển cả', 50000, '../../images/sach/8.jpg', 'Ông già và Biển cả (The Old Man and The Sea) là cuốn tiểu thuyết ngắn được tác giả nổi tiếng Ernest Hemingway viết vào năm 1952. Có thể nói, đây là một trong những tác phẩm nốt bật nhất trong sự nghiệp của nhà văn. Cũng nhờ cuốn tiểu thuyết này, Hemingway đã vinh dự được nhận giải thưởng Nobel Văn học năm 1954. Nhiều người nhận định, đây không chỉ là một trong những tác phẩm nổi bật nhất lịch sử Nobel Văn học mà còn là tác phẩm kinh điển nhất định phải đọc trong cuộc đời mỗi con người.\r\n\r\nÔng già và biển cả: Tác phẩm kinh điển trong lịch sử Nobel Văn học - Ảnh 1.\r\nNhà văn Ernest Hemingway thời trẻ. (Ảnh: Literary Hub)\r\n\r\nĐến với Ông già và biển cả, độc giả sẽ dõi theo hành trình ba ngày đánh bắt cá kiếm khổng lồ vô cùng khó khăn của ông lão đánh cá Santiago. Những tưởng vận may đã mỉm cười khi ông có thể thu phục con cá kiếm đẹp nhất trên đời, lũ cá mập lại lao tới rỉa sạch con cá kiếm duy nhất của ông lão. Và đáng buồn thay, khi cuộc hành trình kết thúc, thành quả duy nhất ông lão thu được chỉ còn là bộ xương vô dụng.\r\n\r\nNội dung câu chuyện đơn giản là thế, nhưng ẩn chứa trong đó lại là những tầng nghĩa sâu sắc, những thông điệp ý nghĩa gửi gắm tới độc giả. Đây chính là nguyên lý \"tảng băng trôi\" mà nhà văn đã sử dụng triệt để trong tác phẩm của mình, giúp câu chuyện không còn đơn thuần chỉ nói về ông già đánh cá. Không như những tác phẩm khác chỉ đi sâu khắc họa một thông điệp duy nhất, Ông già và biển cả là một chuỗi những ý nghĩa biểu tượng xuyên suốt cả tác phẩm.\r\n\r\nÔng già và biển cả: Tác phẩm kinh điển trong lịch sử Nobel Văn học - Ảnh 2.\r\n\"Ông già và biển cả\" là một tác phẩm mang nhiều tầng nghĩa. (Ảnh: Fine Art America)\r\n\r\nẨn ý đầu tiên cần nói đến hẳn là chi tiết cuộc hành trình đánh bắt cá kiếm của ông lão. Con đường chinh phục cá kiếm thực chất cũng chính là con đường chinh phục những ước mơ của con người, ước mơ thì màu hồng, nhưng quãng đường đi thì chẳng bằng phẳng như thế. Đến khi ông lão đã có được con cá trong tay, dường như nó không còn đẹp như lúc ban đầu ông thấy. Là con cá đã thay đổi, hay là cái nhìn của ông lão đã khác đi? Liệu đây có phải hình ảnh ước mơ của con người, khi chưa đạt được thì chúng ta khao khát, nhưng khi đã chạm tay đến thì lý tưởng đã mất đi sự hoàn mỹ.\r\n\r\nCao trào của câu chuyện được đẩy lên đỉnh điểm với cảnh ông lão một mình chiến đấu với đàn cá mập để bảo vệ chiến lợi phẩm của mình. Không hổ danh là nhà văn đại tài, Hemingway đã mang lại sự gay cấn đến nghẹt thở cho độc giả. Người đọc như thở cùng nhịp thở của ông lão, như cùng đứng lên chiến đấu với lũ cá mập tàn nhẫn kia. Để rồi khi cuộc chiến kết thúc, chúng ta bỗng nhận ra hình ảnh quen thuộc của mình trong nhân vật ông lão đánh cá. Sự bản lĩnh, không chịu khuất phục trước khó khăn có lẽ đã trở thành bản năng của con người, đó là lí do dù phía trước là đám mây u ám, con người vẫn kiên cường đứng lên, sẵn sàng đương đầu.\r\n\r\nÔng già và biển cả: Tác phẩm kinh điển trong lịch sử Nobel Văn học - Ảnh 3.\r\nCuộc chiến của ông lão với cá mập. (Ảnh: Goodreads)\r\n\r\nĐáng tiếc thay, đây lại là cuộc chiến không cân sức. Con cá kiếm đáng thương đã bị lũ cá mập rỉa sạch thịt, điều duy nhất còn sót lại cho ông lão chỉ là một bộ xương. Cái kết mà nhà văn xây dựng đã khiến nhiều bạn đọc hụt hẫng, thậm chí nhiều người còn phẫn nộ thay cho nhân vật trung tâm câu chuyện. Thế nhưng, chúng ta buộc phải nhìn nhận một điều rằng: đây không phải một câu chuyện cổ tích.\r\n\r\nCó lẽ Hemingway không muốn xây dựng một mẫu chuyện nơi mà mọi nàng công chúa đều được sống hạnh phúc bên hoàng tử, ý nghĩa của kết truyện này còn sâu xa hơn thế. Điều cuối cùng mà đại văn hào của nền văn học Mỹ muốn thể hiện qua tác phẩm này chính là lột tả cuộc sống không như mơ. Quả thật, cuộc đời  chúng ta đang sống chưa bao giờ chỉ khoác lên mình một màu hồng rực rỡ mà còn được phủ bởi sự tàn nhẫn và bất công. \r\n\r\nMặc cho ông lão đã chiến đấu kiên cường đến đâu, con cá cũng không còn nguyên vẹn, cũng giống con người, không phải cứ cố gắng thì sẽ có thành công.\r\n\r\nKhông thể phủ nhận đây là một kết thúc buồn, nhưng nhìn nhận một cách bi quan hay lạc quan có lẽ còn tùy thuộc vào con mắt người đọc. Có những người buông xuôi khi gặp thất bại, nhưng cũng có những người chẳng bao giờ chịu đầu hàng, tất cả đều là nỗ lực của bản thân mỗi chúng ta.', 8),
(9, 1, 13, 'Mắt biếc', 45000, '../../images/sach/9.jpg', 'HỒI CÒN NHỎ, NHỎ XÍU, TÔI KHÔNG CÓ bạn gái. Suốt ngày tôi chỉ chơi với... mẹ tôi và bà nội tôi. Mẹ tôi rất thương tôi nhưng vìmẹ sợ ba nên ít khi mẹ che chở được tôi trước những trận đòn của ba tôi. Bà tôi thì lại khác. Bà sinh ra ba nên ba phải sợ bà. Điều đó thật may mắn đối với tôi.\r\nHồi nhỏ tôi rất nghịch, ăn đòn khá thường xuyên. Điềi đó buộc đầu óc non nớt của tôi phải tìm cách đối phó với những trận đòn trừng phạt của ba tôi. Mỗi lần phạm lỗi, hễ thấy ba tôi dợm rút cây roi mây ra khỏi vách là tôi vội vàng chạy qua nhà bà tôi. Bà tôi thường nằm trên cái sập gỗ lim đen bóng, bên dưới là những ngăn kéo đựng thuốc bắc của ông tôi. Bà nằm đó, miệng bỏm bẻm nhai trầu, tay phe phẩy chiếc quạt mo cau với một dáng điệu thong thả.\r\n- Bà ơi, bà! - Tôi chạy đến bên chiếc sập, hổn hển kêu:\r\nBà tôi chỏi tay nhỏm dậy:\r\n- Gì đó cháu?\r\n- Ba đánh! - Tôi nói, miệng méo xệch.\r\n- Cháu đừng lo! - Lên đây nằm với bà!\r\nBà tôi dịu dàng trấn an tôi và đưa tay kéo tôi lên sập, đặt tôi nằm khuất sau lưng bà, phía sát tường. Xong, bà tôi xoay người lại, nằm quay mặt ra ngoài.\r\nLát sau, ba tôi bước qua, tay vung vẩy cây roi, miệng hỏi:\r\n- Mẹ có thâý thằng Ngạn chạy qua đây không?\r\n- Không thấy.\r\nBà tôi thản nhiên đáp và tiếp tục nhai trầu. Tôi nằm sau lưng bà, tim thót lại vì lo âu. Tôi chỉ cảm thấy nhẹ nhõm khi nghe tiếng bước chân ba tôi xa dần.\r\nNhững lúc đó, tôi không dám về nhà ngay. Bao giờ tôi cũng nằm lại chơi với bà. Tôi nằm sấp người trên sập, nũng nịu:\r\n- Bà ơi, bà gãi lưng cho cháu đi!\r\nBà tôi không bao giờ từ chối yêu cầu của tôi. Bà vừa gãi lưng cho tôi vừa thủ thỉ kể chuyện cho tôi nghe. Những câu chuyện đời xưa của bà tôi đã nghe đến thuộc lòng. Bà không có nhiều chuyện. Có bao nhiêu chuyện bà đã kể sạch sành sanh. Do đó, bà cứ kể đi kể lại mãi những câu chuyện cũ. Tuy vậy, mỗi khi bà kể chuyện, tôi luôn luôn nằm nghe với cảm giác hứng thú hệt như lần đầu tiên, có lẽ do giọng kể dịu dàng và âu yếm của bà, bao giờ nó cũng toát ra một tình cảm trìu mến đặc biệt dành cho tôi khiến trái tim tôi run lên trong nỗi xúc động hân hoan khó tả. Và tôi ngủ thiếp đi lúc nào không hay, với trái tim không ngừng thổn thức.\r\n****\r\nLỚN LÊN MỘT CHÚT, NGOÀI MẸ TÔI VÀ bà tôi, tôi có thêm ba người bạn gái. Đó là hai người chị con bác tôi. Chị Nhường lớn hơn tôi bốn tuổi, đầu nhiều ghẻ chốc nên lúc nào cũng cạo trọc. Chị Quyên bằng tuổi tôi, da đen nhẻm, quanh năm chỉ vận mỗi cái quần cộc, không bao giờ chịu mặc áo, mũi luôn luôn thò lò. Người thứ ba là cô Thịnh, con út của bà tôi. Cô Thịnh bằng tuổi với chị Nhường. Khi bác tôi sinh con gái đầu lòng thì bà tôi sinh con gái út. Đầu cô Thịnh cũng cạo trọc như đầu chị Nhường. Trẻ con quê tôi không có lắm trò chơi như trẻ con thành phố, suốt ngày chỉ nghịch đất nên đứa nào cũng lắm ghẻ.\r\nTôi cũng ghẻ đầy đầu nhưng may mắn không bị cạo trọc như chị Nhường và cô Thịnh. Mẹ tôi cho tôi hớt tóc \"ca-rê\", nhưng mẹ bảo lão Tứ hớt tóc húi đầu tôi tới tận ót, phô cái gáy trắng nhởn. Những mụn ghẻ trên đầu khi lành biến thành sẹo, thời gian không xóa nổi. Lớn lên tôi có thói quen để tóc dài phủ gáy là do vậy.\r\nDạo ấy, ông tôi định xây một dãy nhà ngang phía sau nên cho đổ một đống cát cao nghệu ngay trước sân. Suốt một thời gian dài, đống cát đó là sân chơi lý tưởng của bốn cô cháu chúng tôi. Chúng tôi suốt ngày bò lê trên cát, thi nhau đào những đường hầm sâu hút hoặc hoài công xây những tòa nhà cứ chốc chốc lại đổ sập. Xây nhà chán, chúng tôi lại vốc cát ném nhau. Tôi với chị Quyên một phe, chị Nhường với cô Thịnh một phe. Chúng tôi ném hăng đến nỗi cát bay mù trời và chui đầy cả hai tai, mũi, miệng. Tôi sợ cát bay mù mắt, cứ đứng xa xa, một tay che mặt, một tay vốc cát ném tới. Chị Quyên gan lì hơn tôi nhiều. Hai tay nắm cát, mắt nhắm tịt, chị xông lên phía trước ném liên hồi kỳ trận. Chị Nhường và cô Thịnh bị cát ném rát mặt liền kêu thét lên và bỏ chạy.\r\nSau những trò chơi ném cát thú vị đó, bao giờ tôi cũng bị ăn đòn. Ba tôi ban ngày đi làm không có nhà nhưng tối về nghe mẹ tôi kể tội tôi thế nào ba tôi cũng đem tôi ra xét xử. Thoạt đầu tôi phải đứng nghiêm, hai tay khoanh trước ngực và miệng lí nhí trả lời những câu hỏi đầy đe dọa của ba tôi. Tiếp theo, tôi lại phải nghểnh cổ nghe ba tôi luận tội. Thú thật, lúc đó tôi chẳng hề chú ý mảy may đến những lời răn dạy của ba tôi, đầu óc tôi mãi bận bịu vào việc đoán xem lát nữa đây tôi sẽ bị đánh mấy roi và thầm mong bà tôi đang đi chơi đâu đó trong làng sẽ kịp về trước khi xảy ra những chuyện đáng tiếc cho đứa cháu khốn khổ của bà. Nhưng khác xa với những ông Bụt trong câu chuyện bà kể, bà tôi chẳng bao giờ nghe được những mong mỏi thầm kín của tôi. Ít khi bà về đúng lúc. Bà chỉ về khi mông tôi đã hằn những vệt roi khiến lòng tôi thêm hờn tủi và tôi giận dỗi chẳng thèm trò chuyện với bà.\r\nKhông có bà tôi can thiệp, tôi đành phải buồn bã thực hiện nốt phần cuối cùng của phiên xét xử. Tôi lặng lẽ phủi chân leo lên bộ ván nằm sấp xuống, mặt áp vào phiến gỗ mát lạnh, quần kéo xuống khỏi mông. Tôi nằm im như thế, người căng ra, mắt nhắm nghiền. Không hiểu sao tôi luôn luôn tin rằng khi bị đòn, nhắm mắt lại sẽ ít đau hơn.\r\nBa tôi vừa đánh vừa đếm. Mặc dù đã chuẩn bị tinh thần, người tôi cứ bị giật nẩy mỗi khi ngọn roi quất xuống. Ba tôi không học được cách đánh nhẹ tay như mẹ tôi. Ba đánh đau thấu xương. Hai roi đầu, tôi nghiến chặt răng, cố không bật khóc. Nhưng đến roi thứ ba thì tôi không kềm giữ nổi. Bao giờ cũng vậy, đến roi thứ ba là tôi khóc òa.\r\nTôi vừa nức nở vừa leo xuống đất, chân sờ soạng tìm dép. Khi ngẩng mặt lên, tôi nhìn thấy một đôi mắt lấp ló ngoài khe cửa. Đó là đôi mắt cô Thịnh. Khi nãy, hẳn chị Nhường và chị Quyên cũng đứng rình phía ngoài, nhưng đến khi thấy tôi leo lên ván nằm úp mặt chuẩn bị thọ hình, chắc hai chị em khiếp đảm bỏ chạy về nhà.\r\n******\r\nLÀNG TÔI CÓ MỘT CÁI CHỢ TÊN LÀ CHỢ ĐO ĐO. Từ lâu, tên chợ đã thành tên làng. Lớn lên, tôi đi đâu xa, xưng là người làng Đo Đo, ai cũng biết. Người làng khác hay nói câu vè \"chén Đo Đo là chó đen đen\" để ghẹo người làng tôi. Mãi đến bây giờ, tôi vẫn không hiểu câu đó có ý nghĩa gì hay chỉ là một câu nói chơi, nhưng hồi nhỏ mỗi khi nghe ai nói như vậy, tôi tức lắm. Tôi cứ nghĩ người ta bảo mình là chó.\r\nChợ Đo Đo chỉ họp ban đêm. Ban ngày chợ vắng ngắt, chỉ còn trơ lại cây bàng già giữa chợ và nhừng căn lều trống trải, ọp ẹp nơi bọn trẻ con thường tụ tập chia phe đánh nhau.\r\nSau những lần bị đòn, tôi thường ra đứng một mình ở đầu hè, nhìn xuống chợ. Tôi đứng đó, buồn bã, cô đơn và rên rỉ như một con chó con. Tôi vừa xoa cặp mông bỏng rát vừa cảm thấy mình là đưá trẻ bất hạnh nhất trên đời và tôi cứ để mặc những giọt nước mắt lăn tròn trên má. Những lúc đó, tôi thường ao ước mình đột ngột chết đi để ba tôi phải hối hận vì đã đánh tôi, để mẹ tôi phải hối hận vì không dám can ba, và cả bà tôi nữa, bà sẽ vô cùng khổ tâm vì bà đã trót đi dạo trong một buổi tối quan trọng như vậy. Mọi người sẽ khóc sưng cả mắt. Nghĩ đến cảnh mẹ tôi và bà tôi khóc than vật vã, tóc xổ rối tung, aó quần xốc xếch, tự nhiên tôi thấy mủi lòng, không muốn chết nữa. Nhưng rồi tôi bất giác sờ tay xuống mông và kiên quyết giữ nguyên ý định trừng phạt mọi người bằng cái chết đáng thương của mình. Dĩ nhiên tôi không muốn chết hẳn. Chết hẳn như chú Hoan đám ma tháng trước, tôi sợ lắm. Vợ con chú khóc như ri nhưng chú thì chẳng nghe thấy gì. Chú ngủ, ngủ hoài và sẽ chẳng bao giờ dậy nữa. Mẹ tôi bảo vậy. Không, tôi không định chết như chú Hoan. Tôi chỉ chết chừng năm ngày thôi. Lúc ba mẹ tôi, ông bà tôi và những người thân khóc khô hết nước mắt thì tôi sẽ sống dậy trước sự hân hoan chào đón của mọi người. Lúc ấy, mọi người sẽ chen lấn giành giật nhau để được ôm lấy tôi. Ai tôi cũng cho ôm nhưng ba tôi thì không. Tôi sẽ lạnh lùng hất tay ba tôi ra, bất chấp vẻ đau khổ ánh lên trong đôi mắt ba. Nhưng dù sao, cuối cùng tôi cũng suy nghĩ lại và để cho ba tôi ôm tôi nhưng ba sẽ phải là người sau chót được đến gần tôi. Những ngày sau đó hẳn là những ngày rất tuyệt vời đối với tôi. Tôi sẽ tha hồ vấy bẩn áo quần, tha hồ nghịch cát, thậm chí chôn cả người trong cát, chỉ chừa hai lỗ muĩ, mà vẫn không sợ bị đòn. Mải chìm đắm trong viễn cảnh xán lạn đó, tôi quên béng cả khóc. Trong khi tôi đang nghĩ xem cần phải giở những trò nghịch ngợm gì nữa với sự tự do quá mức của mình thì tiếng cô Thịnh khẽ vang lên sau lưng:\r\n- Ngạn đứng làm gì đó?\r\nGiọng nói dịu dàng của cô Thịnh kéo tôi về với thực tại. Giấc mơ huy hoàng biến mất và tôi cay đắng hiểu rằng chẳng làm gì có chuyện nghịch cát mà không bị ăn đòn, rằng đời tôi sẽ còn đau khổ dài dài. Càng nghĩ tôi càng buồn tủi và bất giác tôi rơm rớm nước mắt.\r\nCô Thịnh nhẹ nhàng đặt tay lên vai tôi, hỏi:\r\n- Ba Ngạn đánh Ngạn có đau không?\r\nTôi nức nở:\r\n- Đau gần chết.\r\n- Để cô xức dầu cho Ngạn nghen!\r\nTôi khụt khịt mũi và lặng lẽ gật đầu.\r\nCô Thịnh kéo quần tôi xuống và thoa dầu lên những lằn roi vắt ngang mông tôi. Hóa ra trước khi đi tìm tôi, cô Thịnh đã bỏ sẵn chai dầu trong túi áo.\r\nKhông hiểu do chai dầu hiệu nghiệm hay do tình thương của cô Thịnh mà tôi chẳng còn nghe đau đớn nữa. Những ngón tay của cô Thịnh lướt nhẹ trên da tôi như những cục bông gòn mềm mại.\r\nXức dầu cho tôi xong, cô Thịnh âu yếm hỏi:\r\n- Ngạn đã hết đau chưa?\r\nTôi sụt sịt:\r\n- Hết rồi.\r\n- Hết sao Ngạn còn khóc?\r\nTôi chối:\r\n- Ngạn đâu có khóc.\r\n- Có. Cô thấy Ngạn khóc nè.\r\nTôi đưa tay quệt nước mắt:\r\n- Đó là khi nãy. Bây giờ Ngạn đâu có khóc nữa.\r\nCô Thịnh không tin lời tôi. Cô nhìn tôi bằng ánh mắt nghi ngờ nhưng cô không hỏi nữa. Cô chỉ cầm tay tôi, rủ:\r\n- Ngạn đi xuống chợ chơi với cô không?\r\nTôi biết cô Thịnh đi chợ chẳng để mua gì. Thấy tôi buồn, cô muốn dẫn tôi đi chơi vậy thôi. Dĩ nhiên là tôi gật đầu liền. Tôi rất thích xuống chợ. Bao giờ tôi cũng thích xuống chợ. Tôi có thể lượn lờ hàng tiếng đồng hồ không chán trước các sạp tạp hóa, mê mẩn nhìn ngắm những vòng xuyến xanh đỏ, những hộp chì màu luôn luôn có sức thu hút đối với tôi và những viên bi sặc sỡ nằm chen chúc trong các hộp giấy vuông vức với dáng vẻ hấy dẫn đặc biệt.\r\nTôi và cô Thịnh len lỏi qua những hàng cá tươi tanh nồng vị biển. Những người dân miền duyên hải da rám nắng phô hàm răng trắng ởn, mời chào. Sáng sớm thuyền về, những người buôn cá ở miệt biển thức dậy từ trước, vội vã xếp cá vào giỏ và thuê xe thồ đi suốt ngày không nghỉ để kịp đem cá đến phiên chợ đêm quê tôi. Làng tôi là làng núi nhưng ngày naò cũng có cá tươi là nhờ vậy.\r\nĐi quanh quẩn một lát, tôi lại thấy mình đứng trước các sạp tạp hóa với những bà lão bán hàng giống hệt bà tôi, miệng lúc nào cũng móm mém nhai trầu. Tôi đứng đó, mắt dán chặt vào nhừng món hàng xinh xắn và lung linh đang bày biện trên sạp, lòng dậy lên một nỗi ao ước mơ hồ nhưng cháy bỏng. Suốt thời thơ ấu dài lâu, các sạp tạp hóa luôn luôn là một thế giới lộng lẫy và đầy bí ẩn đối với tâm hồn non nớt của tôi. Ấn tượng đó sâu sắc đễn nỗi mãi đến tận bây giờ, khi tôi đã bước qua tuổi ba mươi, cứ mỗi lần đi ngang qua một quầy tạp hóa bất chợt nào, tôi không làm sao kềm chế được ý định dừng chân lại và dán mắt vào tủ kiếng với một nỗi xao xuyến lạ lùng.\r\nTrong khi tôi đang mê mải chìm đắm trong thế giới đầy màu sắc đó thì từ giữa chợ bỗng vọng lại những tiếng hò reo huyên náo.\r\nCô Thịnh lắc lắc tay tôi:\r\n- Ngạn ơi, lại đằng kia xem xiếc đi!\r\nTôi theo cô Thịnh lần về phía tiếng ồn.\r\nChính giữa chợ, dưới gốc bàng già, giữa một vòng người hiếu kỳ chen chúc vây quanh, những tay sơn đông mãi võ đang làm trò. Cô cháu tôi phải loay hoay khá lâu mới vẹt được một khẽ hở chui vào.\r\nNhững người bán thuốc dạo cởi trần trùng trục và biểu diễn những trò lạ mắt. Họ gồng người lên và để cho những thanh mã tấu chém vào. Mặc dù biết chác rằng họ sẽ chẳng hề hấn gì, những thanh mã tấu chạm vào người họ sẽ dội ra như chạm vào một khối cao su, nhưng cứ mỗi lần thấy lưỡi thép bén ngót và lấp loáng ánh đuốc vung lên, tôi đều sợ hãi nhắm tịt mắt lại. Chỉ đến khi nghe những tiếng xuýt xoa và những tràng vỗ tay rầm rộ vang lên, tôi mới dám hé mắt nhìn, trống ngực vẫn còn đập thình thịch.\r\nTôi đã xem đám người mãi võ này làm trò nhiều lần. Họ không ngụ cư cố định ở một nơi nào. Quanh năm, suốt từ mùa hè đến mùa xuân năm sau, họ đi lang thang qua các làng mạc, các thôn xóm. Cứ khoảng vài tháng, họ lại đến vùng tôi một lần. Vẫn dựng lều dưới tán bàng già giữa chợ, vẫn những con người cũ với những tiết mục cũ nhưng kiểu cách sinh hoạt khác thường và những màn biểu diễn vừa quen thuộc vừa kỳ bí của họ bao giờ cũng toát ra một sức lôi cuốn mạnh mẽ khiến vòng tròn người chung quanh mỗi lúc một dày đặc và những người này, bị thôi miên bởi những phép gồng, những trò nuốt dao và phun lửa, đã háo hức tháo những cây kim băng cài ngang miệng túi để móc tiền ra mua những lọ cù là, những chai khuynh diệp, các thứ thuốc cao và thuốc chữa bệnh thời mạo khác.\r\nHồi đó, đối với tôi, màn biểu diễn cuối cùng của đám người phiêu bạt này bao giờ cũng là màn biểu diễn được trông chờ nhất. Sau khi bận rộn và vui vẻ thối tiền lẻ lại cho vô số người xem nhẹ dạ, một người trong đám mãi võ tiến về phía chiếc lồng sắt đặt dưới gốc bàng. Anh ta mở nắp lồng và từ trong đó, một con trăn đốm từ từ chui ra. Nó bò quanh một vòng, vừa trườn vừa uể oải lắc mình, khiến bọn trẻ con kêu thét lên. Tôi không khóc nhưng hồi hộp bước lui một bước, tay nắm chặt tay cô Thịnh. Trong lúc đó, người vừa mở nắp lồng đi lại gần con trăn. Anh ta chìa tay ra và con trăn lập tức trườn lên cánh tay anh ta. Rồi bằng những độg tác uốn éo, nó quấn quanh cánh tay nhiều vòng, sau đó nó tiếp tục nhoài tới quấn quanh bụng và cuối cùng nó cuộn tròn quanh cổ người biểu diễn bằng những cú lượn mềm mại nhưng vững chắc.\r\nTôi nhình sững cảnh tượng trươc mặt như bị thôi miên, lưng nổi đầy gai ốc, lòng pha trộn những cảm giác khó tả, vừa khiếp đảm lại vừa hân hoan.\r\nCô Thịnh đứng coi một lát rồi rùng mình bảo tôi:\r\n- Về thôi, Ngạn ơi!\r\nCô sợ hả? - Tôi hỏi.\r\n- Ừ, trông ghê quá!\r\nTôi nói:\r\n- Ngạn cũng thấy ghê nhưng Ngạn không sợ. Ngạn đứng coi nữa!\r\nCô Thịnh kéo tay tôi:\r\n- Thôi, về đi! Khuya rồi! Bộ Ngạn không sợ bị đòn hả?\r\nLời nhắc nhở của cô Thịnh khiến tôi giật thót và không chần chờ lấy một phút, tôi vội vã bước theo cô Thịnh lần ra khỏi đám người chen chúc, lòng đầy tiếc rẻ.\r\nKhi ngước mắt lên, tôi nhận ra bầu trời đã đầy sao. Những vì sao chi chít chiếm hết mọi khoảng trống và mỗi lúc một tỏa sáng. Trong khi đó, dường như có ai đã tắt bớt những ngọn đèn dầu lung linh trong chợ. Một số hàng quán đã dọn về nhà, chỉ còn trơ lại những chiếc chõng tre đang sút dần những sợi mây buộc.\r\n*****\r\nLỚN LÊN MỘT CHÚT NỮA, TÔI ĐI HỌC.\r\nTrước đó, tôi đã biết đọc chữ. Ba tôi sắm một quyển vở, thoạt đầu dạy tôi hai mươi bốn chữ cái, sau đó dạy tới vần xuôi, rồi vần ngược. Mỗi ngày tôi phải học thuộc một chữ. Tối ba tôi dò lại và dạy thêm chữ mới.\r\nNhiều hôm mải chơi quên cả học, tối đến tôi chỉ biết ngồi đực mặt ra trước trang vở. Hỏi năm lần bảy lượt, thấy tôi ấp úng đáp không xuôi, ba tôi biết ngay là tôi suốt ngày mê chơi, liền nổi dóa cốc cho tôi mấy cái vào đầu. Thấy tôi ngồi khóc rấm rức, nước mắt nước mũi sì sụt, mẹ tôi hẳn rất xót ruột nhưng không dám lên tiếng. Những lúc đó, ba tôi phạt tôi bằng cách không cho tôi đi ngủ. Tôi phải ngồi học tới học lui con chữ tôi đã quên đến tận khuya lơ khuya lắc.\r\nBan ngày tôi đã chạy nhảy mệt nhoài, vừa ăn cơm tối xong, hai mắt tôi đã muốn díp lại, vậy mà lúc này tôi phải ngồi tụng lấy tụng để những con chữ khúc khuỷu kia đến sái cả quai hàm.\r\nMắt nhắm mắt mở, tôi ngồi học khổ sở như một tội đồ, ngón tay trỏ đè vào con chữ đến thủng cả giấy, còn đầu thì gật gà gật gù. Đôi khi tôi thiếp đi, hồn phiêu diêu vào cõi mộng nhưng miệng vẫn đánh vần theo quán tính. Chỉ đến khi đầu tôi gục xuống, va phải mặt bàn đánh \"cốp\" một cái, tôi mới sực tỉnh và lại vội vã gào giọng đọc thật to.\r\nNghe tiếng đọc bài ê a giữa đêm khuya của tôi, bà tôi lẹp kẹp bước qua. Thấy tôi ngồi học một mình, hai mắt nhắm nghiền, đầu gục lên gục xuống... đánh nhịp, bà tôi giận run người. Bà bước vội lại bàn, cầm lấy quyển vở trước mặt tôi ném xoạch xuống đất rồi vừa ôm lấy tôi, bà vừa mắng ba tôi sa sả.\r\nBao giờ bà tôi mắng, ba tôi cũng im re. Ba lẳng lặng trên giường vờ đọc sách, không dám cãi lại nửa câu, mặc cho bà tôi bế tôi lê và nhẹ nhàng đặt tôi vào giường trong khi tôi đã ngoẻo cổ ngủ trên tay bà tự bao giờ.\r\nNhưng dẫu sao, chính nhờ những biện pháp giáo dục khắt khe của ba tôi mà trước khi bắt đâù đi học, tôi đã đọc thông các mặt chữ, điều mà không phải đứa trẻ nào cũng làm được.\r\n*****\r\nTRƯỜNG TIỂU HỌC LÀNG TÔI THUƠ ẤY CHỈ CÓ BỐN lớp, từ lớp hai đến lớp năm. Vì trường không có lớp một nên đa số trẻ con trong làng khi xin vào lớp hai đều học qua lớp vỡ lòng của thầy Phu.\r\nThầy Phu là một thầy giáo làng, mở lớp dạy học trò nổi tiếng, học trò thầy khi vào trường tiểu học bao giờ cũng đứng nhất. Thầy còn nổi tiếng là người nghiêm khắc, ưa phạt học trò nên học trò rất sợ thầy, không dám nghịch. Vì vậy, các bậc cha mẹ trong làng rất thích gởi con đến trường thầy Phu.\r\nNhà thầy Phu ở kế nhà tôi nên trước khi cho tôi đi học, ba tôi dẫn tôi qua ra mắt thầy.\r\nThoạt nhìn thấy thầy, tôi đã sợ. Mái tóc hoa râm chải lật ra phía sau, nụ cười lấp lánh nhưng chiếc răng bịt vàng và gọng kính lão xệ xuống trên mũi khiến đôi mắt nom như lồi ra, toàn bộ toát ra vẻ nghiêm nghị, mực thước và đe dọa.\r\nSuốt buổi, tôi đứng khép nét nơi góc bàn, không dám thở mạnh và bằng một giọng lí nhí đến tôi cũng không nghe rõ, tôi lúng túng và rụt rè trả lời những câu hỏi của thầy, lòng chỉ mong cho buổi ra mắt chóng kết thúc.\r\nThầy Phu có hai người con. Chị Hạnh, khoảng mười lăm, mười sáu tuổi và thằng Hoà, trạc tuổi tôi. Đến hôm đi học chung lớp với tôi. Sau này tôi còn biết nó là một thằng bé hung hãn và ngang ngạnh. Tất cả bọn học trò chúng tôi thường xuyên bị nó bắt nạt. Những trò chơi của chúng tôi luôn luôn bị cắt đứt bởi sự xuất hiện của thằng Hòa. Nó tước đoạt thẳng tay những viên bi mù u, những nắp ken đã đổ đầy sáp của chúng tôi và những sợi thun của bọn con gái, thản nhiên cho vào túi và lững lững bỏ đi. Những nạn nhân chỉ biết ứa nước mắt nhìn theo.\r\nKhông phải bọn tôi không thể làm gì được nó. Bọn tôi thừa sức tóm cổ nó vật xuống đất và giã cho nó một trận nhớ đời. Nhưng không đứa nào dám đụng đến nó chỉ vì bởi một lẽ đơn giản, nó là con thầy Phu.\r\nCó lần thằng Toản, một đứa mới vào học, chưa biết oai tha*`ng Hòa, bị thằng Hòa trấn lột. Toản thoi thằng Hòa một quả trúng quai hàm. Ngay lập tức, thằng Hòa nằm lăn xuống đất ăn vạ, chân giãy đành đạch. Tụi tôi đứng coi, sợ xanh mặt.\r\nThế là thằng Toản bị thầy Phu kêu lên. Thầy bắt nó chụm năm đầu ngón tay lại rồi dùng cạnh nhọn của cây thước kẻ đánh lên đó. Toản nghiến răng chịu đau, nước mắt chảy ròng ròng. Chưa hết, sau đó Toản còn bị phạt nhảy cóc ngoài sân. Trưa nắng chang chang, Toản ngồi chồm hổm, hai tay chống vào hông và nhảy quanh sân ba vòng y như con cóc.\r\nToản trợn mắt nhảy, lưỡi thè ra, miệng thở dốc. Đến khi vô chỗ ngồi, mặt mày nó còn đỏ lơ đỏ lưỡng, nói không ra hơi. Trong các hình phạt của thầy Phu, nhảy cóc là hình phạt bọn tôi sợ nhất. Thế mà vừa chân ướt chân ráo vào học, thằng Toản đã bị ngay.\r\nSau vụ đó, uy phong của thằng Hòa càng tăng gấp bội. Bọn tôi sợ nó một phép. Còn nó thì tiếp tục bóc lột và hiếp đáp bọn tôi không thương tiếc.\r\nTrong những ngày gian khổ đó, tôi đã làm quen với Mắt Biếc, người bạn gái đầu tiên trong đời.', 9),
(10, 1, 14, 'Gió đầu mùa', 45000, '../../images/sach/10.jpg', 'Buổi sáng hôm nay, mùa đông đột nhiên đến, không báo trước. Vừa mới ngày hôm qua giời hãy còn nắng ấm và hanh, cái nắng về cuối tháng mười làm nứt nẻ đất ruộng, và làm ròn khô những chiếc lá rơi. Sơn và chị chơi cỏ gà ở ngoài cánh đồng còn thấy nóng bứt, chảy mồ hôi.\r\n\r\nThế mà qua một đêm mưa rào, trời bỗng đổi ra gió bấc, rồi cái lạnh ở đâu đến làm cho người ta tưởng đang ở giữa mùa đông rét mướt. Sơn tung chăn tỉnh dậy, nhưng khôg bước xuống giường ngay như mọi khi, còn ngồi thu tay vào trong bọc, bên cạnh đứa em bévẫn nắm tay ngủ kỹ. Chị Sơn và mẹ Sơn đã trở dậy, đang ngồi quạt hỏa lò để pha nước chè uống. Sơn nhìn thấy mọi người đã mặc áo rét cả rồi.\r\n\r\nNhìn ra ngoài sân, Sơn thấy đất khô trắng, luôn luôn cơn gió vi vu làm bốc lên những màn bụi nhỏ, thổi lăn những cái lá khô lạo xạo. Trời không u ám, toàn một màu trắng đục. Những cây lan trông chậu, lá rung động và hình như sắc lại vì rét.\r\n\r\nSơn cũng thấy lạnh, vội vơ lấy cái chăn trùm lên đầu rồi cất tiếng gọi chị. Mẹ Sơn nghe thấy, đặt chén nước chè xuống, bảo chị Lan:\r\n\r\n- Con vào buồng lấy thúng áo ra mẹ mặc cho em, đi.\r\n\r\nRồi quay lại bảo Sơn:\r\n\r\n- Con sang đây mà ngồi cho ấm. Bước khéo để cho em bé ngủ.\r\n\r\nSơn kéo chăn lên đắp cho em, ngồi xếp bằng bên khay nước. Mẹ Sơn rót cho một chén, Sơn cầm lấy chén chè nóng ấp vào mặt, vào má cho ấm, rồi để mặt vào miệng chén cho hơi bốc lên. Bà Sơn thường vẫn bảo làm thế cho tỉnh mắt.\r\n\r\nNgười vú già xù xù cái áo bông cánh rách, xách siêu nước từ dưới nhà lên, vừa xuýt xoa vừa nói:\r\n\r\n- Rét quá! Múc nước cóng cả tay.\r\n\r\nVú giơ tay hơ trên hỏa lò. Mẹ Sơn hỏi:\r\n\r\n- Năm nay rét sớm hơn mọi năm vú nhỉ?\r\n\r\nNgười vú già ra vẻ nhớ lại, đáp:\r\n\r\n- Cũng chả bằng cái năm mợ đi cân gạo bên Sông. Gớm, mới rét làm sao! Sáng tôi dậy, bà sai đi chợ, cứ run lên cầm cập.\r\n\r\nSơn cũng nhớ cái rét năm ấy rõ rệt lắm, như mới đây thôi. Buổi sớm hôm ấy, mẹ Sơn cũng ngồi uống nước chè như sáng hôm nay và cũng lấy áo rét ra mặc.\r\n\r\nChị Lan từ trong buồng đi ra, khệ nệ ôm cái thúng quần áo đặt lên đầu phản. Mẹ Sơn đặt cái vỉ buồm lục đống quần áo rét. Sơn nhận ra cũng những cái áo Sơn đã mặc năm ngoái, năm kia: một cái áo vệ sinh màu nâu sẫm với một cái áo dạ khâu chỉ đỏ. Sơn cầm giơ những cái áo lên, thấy mát lạnh cả tay. Từ bộ quần áo thoảng ra hơi mốc của vải gấp lâu trong hòm, làm Sơn nhớ lại những buổi đầu mùa rét từ bao giờ, lâu lắm, ngày Sơn còn nhỏ.\r\n\r\nMẹ Sơn giơ lên một cái áo bông cánh đã cũ nhưng còn lành lặn, nói:\r\n\r\n- Đây là áo của cô Duyên đây.\r\n\r\nDuyên là đứa em gái bé của Sơn, chết từ năm lên bốn tuổi. Mẹ Sơn nhắc đến làm Sơn nhớ em, cảm động và thương em quá. Vú già là người đã nuôi Duyên từ lúc mới đẻ, với lấy cái áo lật đi lật lại ngắm nghía,tay mân mê các đường chỉ:\r\n\r\n- Giá bây giờ em nó có còn cũng chả mặc được.\r\n\r\nMẹ Sơn yên lặng không nói gì. Nhưng đến lúc nói với Sơn lại để mặc áo, Sơn thấy mẹhơi rơm rớm nước mắt.\r\n\r\nSơn đã mặc xong áo ấm áp: cả cái áo dạ chỉ đỏ lẫn áo vệ sinh, ngoài lại mặc phủ cái áo vải thâm dài. Sơn đứng trên giường trước mặt mẹ, đã quay đi quay lại ba, bốn lần để mẹ Sơn ngắm áo. Sau cùng, mẹ Sơn vuốt các tà áo cho phẳng phiu, rồi đẩy Sơn ra, bảo:\r\n\r\n- Thôi, con đi chơi.\r\n\r\nSơn xúng xính rủ chị ra chợ chơi. Nhà Sơn ở quay lưng vào chợ, cạnh một dãy nhà lá của những người nghèo khổ mà Sơn quen biết cả vì họ vẫn vào vay mượn ở nhà Sơn. Sơn biết lũ trẻ con các gia đình ấy chắc bây giờ đương đợi mình ở cuối chợ để đánh khăng, đánh đáo.\r\n\r\nKhông phải ngày phiên, nên chợ vắng không. Mấy cái quán chơ vơ lộng gió, rác bẩn rải rác lẫn với lá rụng của cây đề. Gió thổi mạnh làm Sơn thấy lạnh, và cay mắt. Nhưng chân trời trong hơn mọi hôm, những làng ở xa Sơn thấy rõ như ở gần. Mặt đất răn lại, và nức nẻ những đường nho nhỏ, kêu vang lên lanh tanh dưới nhịp guốc của hai chị em.\r\n\r\nĐến cuối chợ đã thấy lũ trẻ đang quây quần chơi nghịch. Chúng nó thấy chị em Sơn đến đều lộ vẻ vui mừng, nhưng chúng vẫn đứng xa, không dám vồ vập. chúng như biết cái phận nghèo hèn của chúng vậy, tuy Sơn và chị vẫn thân mật chơi đùa với, chứ không kiêu kỳ và khinh khỉnh như các em họ của Sơn.\r\n\r\nThằng Cúc, con Xuân, con Tý, con Túc sán gần giương đôi mắt ngắm bộ quần áo mới của Sơn. Sơn nhận thấy chúng ăn mặc không khác ngày thường, vẫn những bộ quần áo nâu bạc đã rách vá nhiều chỗ. Nhưng hôm nay, môi chúng nó tím lại, và qua những chỗ áo rách, da thịt thâm đi. Mỗi cơn gió đến, chúng lại run lên, hàm răng đập vào nhau.\r\n\r\nThằng Xuân đến mó vào chiếc áo của Sơn, nó chưa thấy cái áo như thế bao giờ. Sơn lật vạt áo thâm, chìa áo vệ sinh và áo dạ cho cả bọn xem. Một đứa tắc lưỡi, nói:\r\n\r\n- Cái áo này mặc thì nóng lắm. Chắc mua phải đến một đồng bạc chứ không ít, chúng mày nhỉ.\r\n\r\nĐứa khác nói:\r\n\r\n- Ngày trước thầy tao cũng có một cái áo như thế, về sau bán cho ông lý mất.\r\n\r\nCon Túc ngây ngô giương đôi mắt lên hỏi Sơn:\r\n\r\n- Cái này cậu mua tận Hà Nội phải không?\r\n\r\nSơn ưỡn ngực đáp:\r\n\r\n- Ở Hà Nội, chứ ở đây làm gì có. Mẹ tôi còn hẹn mua cho tôi một cái áo len nhiều tiền hơn nữa kia.\r\n\r\nChị Lan bỗng giơ tay vẫy một con bé, từ nãy vẫn đứng dựa vào cột quán, gọi:\r\n\r\n- Sao không lại đây, Hiên? Lại đây chơi với tôi.\r\n\r\nHiên là đứa con gái bên hàng xóm, bạn với Lan và Duyên. Sơn thấy chị gọi nó không lại, bước gần đến trông thấy con bé co ro đứng bên cột quán, chỉ mặc có manh áo rách tả tơi, hở cả lưng và tay. Chị Lan cũng đến hỏi:\r\n\r\n- Sao áo của mày rách thế Hiên, áo lành đâu không mặc? Con bé bịu xịu nói:\r\n\r\n- Hết áo rồi, chỉ còn cái này.\r\n\r\n- Sao không bảo u mày may cho?\r\n\r\nSơn bây giờ mới chợt nhớ ra là mẹ cái Hiên rất nghèo, chỉ có nghề đi mò cua bắt ốc thì còn lấy đâu ra tiền mà sắm áo cho con nữa. Sơn thấy động lòng thương, cũng như ban sáng Sơn đã nhớ thương đến em Duyên ngày trước vẫn cùng nói với Hiên đùa nghịch ở vườn nhà. Một ý nghĩ tốt bỗng thoáng qua trong trí, Sơn lại gần chị thì thầm:\r\n\r\n- Hay là chúng ta đem cho nó cái áo bông cũ, chị ạ.\r\n\r\n- Ừ, phải đấy. Để chị về lấy.\r\n\r\nVới lòng ngây thơ của tuổi trẻ, chị Lan hăm hở chạy về nhà lấy áo. Sơn đứng lặng yên đợi, trong lòng tự nhiên thấy ấm áp vui vui.\r\n\r\nNhưng cái vui của Sơn không được bao lâu. Bữa cơm về tới nhà, Sơn không thấy mẹ đâu cả, hỏi vú già:\r\n\r\n- Mợ tôi đi đâu hở vú?\r\n\r\n- Chị Lan và cậu cứ ăn cơm trước đi. Mợ còn đi ăn giỗ đến trưa mới về.\r\n\r\nRồi vú già nhìn rõ vào mặt Sơn, hỏi:\r\n\r\n- Có phải cậu đem cho con Hiên cái áo bông cũ phải không?\r\n\r\nSơn ngạc nhiên đáp:\r\n\r\n- Phải. Nhưng sao vú biết?\r\n\r\n- Con Sinh nó nói với tôi đấy-Sinh là đứa em họ của Sơn, vẫn hay nói hỗn với vú già, nên vú ấy ghét-Nó lại còn bảo hễ mợ về nó sẽ sang mách với mợ cho cậu phải đòn.\r\n\r\nSơn lo quá, sắp ăn, bỏ đũa đứng dậy, van:\r\n\r\n- Thế bây giờ làm thế nào, hở vú? Mợ tôi biết thì chết.\r\n\r\n- Ai bảo cậu dại dột đem cho áo nó? Bây giờ cậu sang bảo cái Hiên trả lại thì không việc gì.\r\n\r\nSơn vội vàng ra chợ tìm cái Hiên nhưng không thấy con bé ở đó. Đến nhà cũng không thấy ai, mẹ nó cũng không có nhà. Hai chị em lo sợ, đi ra cánh đồng tìm cũng không gặp. Gần đến buổi chiều, Sơn và chị chưa đòi được áo. Lan trách em:\r\n\r\n- Sao em lại nghĩ đem cho nó cái áo ấy, có phải bây giờ me mắng chết không.\r\n\r\n- Ai bảo chị về lấy? Nếu chị không về lấy thì em biết đâu.\r\n\r\nChị Lan đấu dịu:\r\n\r\n- Thôi, bây giờ phải về nhà vậy chứ biết làm thế nào.\r\n\r\n- Nhưng mà em sợ lắm.\r\n\r\nChị Lan thở dài, nắm chặt lấy tay em, an ủi:\r\n\r\n- Đằng nào cũng phải về cơ mà. May r a có lẽ me không mắng đâu.\r\n\r\nHai chị em lo lắng dắt nhau lẻn về nhà. Đến cửa, Sơn nghe thấy tiếng mẹ nói ở trong với tiếng một người đàn bà khác nữa, nghe quen quen. Lan dắt tay Sơn khép nép bước vào, hai chị em ngạc nhiên đứng sững ra khi thấy mẹ con Hiên đang ngồi ở cái ghế con trên đất trước mặt mẹ, tay cầm cái áo bông cũ.\r\n\r\nThấy hai con về, mẹ Sơn ngửng lên nhìn rồi nghiêm nghị bảo:\r\n\r\n- Kìa, hai cô cậu đã về kia. Thế áo bông của tôi đâu mà tự tiện đem cho đấy?\r\n\r\nSơn sợ hãi, cúi đầu lặng im, nép vào sau lưng chị. Bác Hiên vừa cười vừa nói:\r\n\r\n- Tôi về thấy cháu nó mặc cái áo bông tôi hỏi ngay. Nó bảo của cậu Sơn cho nó. Tôi biết cậu ở đây đùa, nên tôi phải vội vàng đem lại đây trả mợ. Thôi, bây giờ, xin phép mợ tôi về.\r\n\r\nMẹ Sơn hỏi:\r\n\r\n- Con Hiên không có cái áo à?\r\n\r\n- Bẩm nhà cháu độ này khổ lắm, Chẳng để dành được đồng nào may áo cho con cả. Thành thử vẫn cái áo từ năm ngoái nó mặc mãi.\r\n\r\nMẹ Sơn với cái âu đồng, lấy tiền đưa cho bác Hiên:\r\n\r\n- Đây, tôi cho mượn năm hào cầm về mà may áo cho con.\r\n\r\nKhi bác Hiên bước ra khỏi cửa, mẹ Sơn vẫy hai con lại gần, rồi âu yếm ôm vào lòng mà bảo :\r\n\r\n- Hai con tôi quý quá, dám tự do lấy áo đem cho người ta không sợ mẹ mắng ư?', 1),
(11, 13, 15, 'Lập Trình Viên Đâu Phải Chỉ Biết Code', 95000, '../../images/sach/11.jpg', 'Nếu các bạn có đọc các blog về lập trình ở Việt Nam thì có lẽ cái tên Tôi đi code dạo không có gì quá xa lạ đối với các bạn.\r\n\r\nVề tác giả của blog Tôi đi code dạo, anh tên thật là Phạm Huy Hoàng, một Developer Full Stack, cựu sinh viên trường FPT University, hiện tại anh đang học Thạc sĩ Computer Science tại Đại học Lancaster ở Anh (học bổng $18000). Trước khi qua Xứ Sở Sương Mù, anh đã từng làm việc tại FPT Software và ASWIG Solutions.\r\n\r\nVới mong muốn chia sẻ kinh nghiệm học lập trình và các kỹ năng mà anh đã trải qua trong suốt quá trình học và làm việc với tư cách là người đi trước cũng như là một Developer Full Stack, nên anh đã quyết định xuất bản sách “Code dạo ký sự – lập trình viên đâu phải chỉ biết code”.\r\n\r\nHiện tại, trên thị trường sách Việt Nam với chủ đề về IT nói chung và lập trình viên nói riêng đều rất khan hiếm, chủ yếu là dịch lại từ tác giả nước ngoài. Chúng ta đã quá mải mê vào những đầu sách dạng “Những cách làm giàu hay đại loại vậy” đã khiến chúng ta ảo tưởng phần nào về bản thân mà thật sự kỹ năng của bạn không cho phép để làm điều đó.\r\n\r\nVì thế chúng ta cần những đầu sách để định hướng nghề nghiệp và xây dựng kiến thức thật vững chắc, khi đó bạn mới có thể nghĩ tới những điều tuyệt vời hơn trong tương lai. “Code dạo ký sự – lập trình viên đâu phải chỉ biết code” sẽ đem lại cho bạn điều đó.\r\n\r\nMột số sách công nghệ hiện nay quá khô cứng, tập trung nhiều vào kĩ thuật nên khó tiếp thu. Số sách cò lại đa phần là về thuật toán, khá cũ, hoặc tập trung vào một công nghệ, rất mau hết hạn.\r\n\r\nCuốn sách này hoàn toàn khác những cuốn sách về IT và công nghệ trên thị thường. Vậy nó có điểm nào đặc biệt?\r\n\r\nNhững bài viết ngắn gọn và thú vị về những kĩ năng mềm và cứng mà một lập trình viên phải có, được mình rút chiết qua bao kinh nghiệm xương máu.\r\nGiọng văn hài hước dí dỏm, đọc không hề giống sách kĩ thuật nhưng lại dễ tiếp thu.\r\nSách tập trung vào khả năng tự học và định hướng người đọc. Có kĩ năng tự học, có định hướng tốt, bạn sẽ dễ dàng sống sót và thăng tiến trong ngành này.', 7),
(12, 13, 16, 'Hacker Lược Sử', 235000, '../../images/sach/12.jpg', 'Cuốn sách nói về những nhân vật, cỗ máy, sự kiện định hình cho văn hóa và đạo đức hacker từ những hacker đời đầu ở đại học MIT.\r\n\r\nCâu chuyện hấp dẫn bắt đầu từ các phòng thí nghiệm nghiên cứu máy tính đầu tiên đến các máy tính gia đình.\r\n\r\nTập hợp tài liệu cập nhật từ các tin tặc nổi tiếng như Bill Gates, Mark Zuckerberg, Richard Stallman…\r\n\r\nNhững sự thật về cuộc sống và con đường trở thành “tin tặc” của những con người đã thay đổi lịch sử phát triển của ngành Công nghệ.\r\n\r\nCuốn  sách của Steven Levy ghi lại những chiến công của các tin tặc thời kỳ đầu trong cuộc cách mạng máy tính - những kẻ mê máy tính thông minh và lập dị từ cuối những năm 1950 đến đầu thập niên 1980, dám mạo hiểm, bẻ cong quy tắc và đẩy thế giới vào một hướng đi hoàn toàn mới.', 16),
(13, 10, 17, 'Sherlock Homles', 152000, '../../images/sach/13.jpg', 'Tóm tắt sách Sherlock Holmes - Tập 1:\r\n\r\nSherlock Holmes là tác phẩm nổi tiếng của nhà văn người Scotland Sir Arthur Conan Doyle. Tác phẩm của ông được coi là một sáng kiến lớn trong lĩnh vực tiểu thuyết trinh thám. Sherlock Holmes là nhân vật thám tử hư cấu do Arthur Conan Doyle sáng tạo ra. Sherlock Holmes nổi tiếng nhờ trí thông minh, khả năng suy diễn logic và quan sát tinh tường trong khi phá những vụ án mà cảnh sát phải bó tay. Thám tử Holmes trở nên cực kì nổi tiếng khi loạt truyện ngắn của Doyle xuất bản. Đây là nhân vật hư cấu nổi tiếng nhất trong lịch sử văn học và là một trong những nhân vật văn học được biết đến nhiều nhất trên toàn thế giới.\r\n\r\nTập 1 của cuốn Sherlock Holmes toàn tập gồm 19 câu chuyện liên quan đến các vụ án như: Chiếc nhẫn tình cờ, Truy tìm dấu bộ tứ, Vụ xì-căng-đan của xứ Bôheme, Hội “người tóc hung”, Một vụ mất tích kỳ lạ, Vụ án tại thung lũng Boscombe,…\r\n\r\nWaka trân trọng giới thiệu sách Sherlock Holmes - Tập 1.', 0),
(14, 10, 18, 'Carol', 78000, '../../images/sach/14.jpg', 'Lần đầu tiên nhìn thấy Carol ở trung tâm mua sắm mà cô đang làm việc, Therese Belivet biết rằng mình đã yêu mặc dù lúc đó cô đang quen một anh chàng tên Richard. Đó là một tình yêu không cần cắt nghĩa, không cần lý giải, và cũng không cần trăn trở, nó đến với cô tự nhiên như nên thế.\r\n\r\nĐặt trong bối cảnh nước Mỹ những năm 50, nơi bạn có thể nhận được tấm thiệp Giáng Sinh từ một người xa lạ, nơi bạn có thể mời một người mới quen đi uống cà phê, nơi mà tình yêu giữa hai con người cùng giới tính vẫn còn chịu nhiều điều tiếng, Carol là một câu chuyện tình vừa hiện thực lại vừa lãng mạn giữa Therese Belivet, một nhân viên thu ngân mơ làm nhà thiết kế sân khấu, và Carol, một người phụ nữ giàu có đang chuẩn bị ly dị chồng.\r\n\r\nĐi ngược lại với những kết thúc buồn thảm trong các cuốn truyện cùng đề tài đương thời, Carol mang đến một cái kết hy vọng cho các cặp đôi đồng tính nữ. Xuất bản từ năm 1952, cho đến giờ, Carol vẫn được xem là một trong những cuốn tiểu thuyết kinh điển về đề tài này.', 1),
(15, 10, 19, 'Đề thi đẫm máu', 79000, '../../images/sach/15.jpg', 'Thêm một cuốn tiểu thuyết hay nên đọc thể loại trinh thám xếp trong list hôm nay nhưng khác với Sherlock Homles là trinh thám Anh thì Đề thi đẫm máu là trinh thám Trung Quốc. Đề thi đẫm máu mang hơi thở của trinh thám hiện đại và phương Đông với những câu chuyện giả ma giả quỷ u ám, rợn người. Truyện khai thác sâu nghệ thuật phân tích tâm lý tội phạm để mỗi vụ án trở nên hấp dẫn, kỳ bí hơn. Chính nhờ những yếu tố đặc sắc trên, Đề thi đẫm máu đã trở thành cuốn tiểu thuyết trinh thám ăn khách của Trung Quốc và thế giới. Ngoài bộ truyện này, các bạn có thể tìm thêm những cuốn sách khác trong cùng series của Lôi Mễ như Độc giả thứ 7, Giáo hoá trường, ....\r\n\r\nPhương Mộc là sinh viên chuyên ngành Pháp lý đại học J. Trong lớp, Phương Mộc vốn là nam sinh trầm ổn, nhạt nhoà nhưng thành tích học tập tương đối xuất sắc. Một sự kiện giết người hàng loạt gây chấn động thành phố lúc bấy giờ xảy ra. Khi cảnh sát còn đang lâm vào bế tắc, chàng sinh viên Phương Mộc đã ra tay chỉ điểm, giúp đỡ cảnh sát truy bắt hung thủ. Nhưng từ đấy, xung quanh Phương Mộc xảy ra nhiều vụ án liên tiếp với những cái chết vô cùng thương tâm. Phải chăng, có ai đó trong bóng tối đang thách thức khả năng của anh?', 0),
(16, 10, 20, 'Âm thanh và cuồng nộ', 90000, '../../images/sach/16.jpg', 'Âm thanh và cuồng nộ là cuốn sách nổi bật trong nền văn học hiện đại. Tác phẩm được sáng tác bởi William Faulkner - một tác giả xuất sắc được thế giới ca tụng ngang hàng với nhiều nhà văn lỗi lạc như Dostoevsky. Ông cũng nằm trong hàng ngũ tiên phong sáng tạo văn học mới cùng với Franz Kafka, Marcel Proust,... Âm thanh và cuồng nộ là tác phẩm thứ tư của Faulkner và cũng là tác phẩm được bạn đọc Việt Nam vô cùng yêu thích. Truyện mở ra một thế giới âm u, náo động, hàng chục trang không có lấy một dấu chấm, những ẩn dụ rắc rối bí hiểm nhưng chính là nét phong cách độc đáo của ông. Với Faulkner, tác phẩm sẽ không theo lối viết thông thường mà buộc độc giả phải đọc chậm rãi, suy tư và ngâm cứu kĩ càng.\r\n\r\nCâu chuyện xoay quanh gia đình Compson - đó là một gia tộc từng một thời giàu có, quyền quý trong vùng Missississipi. Truyện kể lại tấn thảm kịch gia đình sụp đổ, tan vỡ.', 8),
(17, 10, 21, 'Báu vật của đời', 95000, '../../images/sach/17.jpg', 'Nói về những tiểu thuyết hay nên đọc của Trung Quốc thì không thể không nhắc đến truyện Báu vật của đời của tác giả Mạc Ngôn. Mạc Ngôn là một nhà văn lớn của nền văn học Trung Quốc. Ông có tác phẩm Cao Lương Đỏ vô cùng nổi tiếng đã được đạo diễn Trương Nghệ Mưu chuyển thể thành phim. Báu vật ở đời là tác phẩm khái quát trọn vẹn một thời kì lịch sử Trung Quốc, những chuyển biến xã hội sâu sắc và những nét văn hoá rất riêng của Trung Quốc. Đây là một tác phẩm chứa đựng nhiều ý nghĩa to lớn.\r\n\r\nBáu vật ở đời xoay quanh các thế hệ trong gia đình nhà Thượng Quan, nổi bật nhất là cuộc đời của người phụ nữ Thượng Quan Lỗ Thị gắn liền với đau thương, thăng trầm và lịch sử phát triển của Trung Quốc.', 0),
(18, 10, 22, 'Nữ sinh', 50000, '../../images/sach/18.jpg', 'Nữ sinh là một tác phẩm của văn học Nhật vô cùng nổi tiếng và tạo tiếng vang toàn thế giới. Truyện mang đậm đặc điểm nổi bật của văn học Nhật Bản là khuynh hướng hướng tâm, ngôn từ nhẹ nhàng, kín đáo, lặng lẽ. Câu chuyện cũng đan xen hài hoà những hơi hướm mới của thế giới đương đại để thổi một làn gió mát vào từng chương truyện. Nữ sinh là một cuốn sách vô cùng thích hợp đọc để tìm hiểu về văn hoá và con người Nhật Bản.\r\n\r\nTruyện chia ra thành nhiều chương nhỏ, mỗi chương là câu chuyện về một nhân vật khác nhau nhưng tất cả bọn họ đều là những nữ sinh Nhật Bản. Ở họ có chung nét tính cách của người phụ nữ xứ Phù Tang: dịu dàng, khép kín và bền bỉ.', 0);
INSERT INTO `sach` (`id_sach`, `id_the_loai`, `id_tac_gia`, `ten_sach`, `gia`, `link_anh`, `noi_dung`, `da_ban`) VALUES
(19, 11, 23, 'Chiến Thắng Con Quỷ Trong Bạn', 80000, '../../images/sach/19.jpg', 'Quyển sách hay về kinh tế này là cuộc trò chuyện của Napoleon Hill và Con Quỷ. Được ra đời sau công trình nghiên cứu, Napoleon Hill đã đưa con quỷ ra ngoài ánh sáng, tiết lộ những sự thật kinh hoàng về nơi nó sống, cách nó kiểm soát tâm trí con người và cách để con người chiến thắng được nó.\r\nKhi đọc cuốn sách này, có thể bạn sẽ tự hỏi, cuộc trò chuyện này có thật không? Con Quỷ là có thật hay là một sản phẩm của trí tưởng tượng của Napoleon Hill. Nhưng quyền lựa chọn cách hiểu vấn đề là của bạn. Bởi lẽ cuối cùng, thông qua cuộc trò chuyện với Con Quỷ, Napoleon Hill đã cung cấp cho chúng ta chìa khóa để chiến thắng Con Quỷ trong cuộc sống riêng của mỗi người.', 0),
(20, 11, 23, '13 Nguyên Tắc Nghĩ Giàu Làm Giàu', 90000, '../../images/sach/20.jpg', '13 Nguyên Tắc Nghĩ Giàu Làm Giàu là quyển sách hay về kinh tế mang đến cho bạn chỉ dẫn giúp bạn trở nên giàu có, làm giàu thêm cho cuộc sống của bạn trên tất cả các phương diện. Theo Napoleon Hill, những động lực chính để thành công chính là: “Thành công cá nhân” và “Quan điểm suy nghĩ tích cực”.\r\n13 nguyên tắc nghĩ giàu, làm giàu sẽ luôn là cuốn sách giá trị và nó sẽ còn tiếp tục làm thay đổi cuộc sống của nhiều người. Đó thực sự là sức mạnh giúp chúng ta biến đổi những giấc mơ và hoài bão thành hiện thực.', 4),
(21, 11, 24, 'Người nam châm', 90000, '../../images/sach/21.jpg', 'Cuốn sách viết về cách hoạt động của Luật hấp dẫn trong cuộc sống của bạn, từ đó bạn có thể hiểu nhiều hơn về bản thân mình – thực ra bạn là ai và tại sao bạn lại ở đây. Cuốn sách này chính là chìa khóa của bạn. Nó có thể mở cánh cửa tới tương lai như bạn mong ước và đưa bạn tới con đường có nhiều niềm vui, sung túc và giàu có hơn. Khi đọc cuốn sách này, bạn sẽ thấy mình được truyền cảm hứng vì bạn nhận ra rằng bạn có thể tạo ra cuộc sống mà bạn khao khát, và bạn sẽ được trao quyền khi sử dụng những công cụ, những chiến lược và những khái niệm cơ bản được chuyển tải trong những trang sách này.', 0),
(22, 11, 25, 'Cú Hích', 95000, '../../images/sach/22.jpg', 'Quán ăn tự phục vụ\r\nCarolyn là giám đốc của một công ty chuyên cung cấp thực phẩm cho một chuỗi trường học tại một thành phố lớn. Cô chịu trách nhiệm cung cấp thức ăn tại hàng trăm ngôi trường với hàng ngàn cô cậu học trò nhỏ ăn uống trong các tiệm ăn của cô mỗi ngày. Carolyn thường xuyên tổ chức những buổi huấn luyện về kiến thức dinh dưỡng (cô có bằng thạc sĩ của một trường đại học công lập) cho nhân viên của mình. Cô thuộc loại người năng động sáng tạo và thích nghĩ về mọi thứ theo phong cách phi truyền thống.\r\n\r\nMột buổi chiều nọ, bên chai rượu vang hảo hạng, cô và anh bạn Adam, một nhà tư vấn quản trị định hướng thống kê bỗng nảy ra một ý tưởng mới lạ: Không cần thay đổi thực đơn hàng ngày, liệu bọn trẻ trong các trường học mà cô phục vụ có bị tác động và thay đổi quyết định chọn món ăn qua cách trưng bày hay không? Rồi cô chọn một số trường làm thí nghiệm. Nơi thì cô bày món tráng miệng ra trước các món chính, nơi lại dọn ra cuối cùng, có nơi lại xếp thành một dãy riêng. Vị trí bày các món ăn cũng khác nhau giữa các trường: nơi thì món khoai tây chiên được bày ở đầu bàn, nơi thì những thanh cà-rốt được trưng bày trước và ngang tầm mắt của các em.\r\n\r\nQua kinh nghiệm thiết kế trưng bày sản phẩm cho các siêu thị, Adam cho rằng kết quả thu được sẽ rất ngoạn mục. Và anh đã đúng. Chỉ đơn giản thiết kế lại tiệm ăn, Carolyn có thể làm tăng hoặc giảm số lượng thức ăn bán ra đến 25%! Từ đó, cô rút ra được bài học lớn: học sinh tiểu học, cũng giống như người lớn, có thể bị tác động lớn bởi những thay đổi nhỏ của hoàn cảnh. Sự ảnh hưởng đó có thể tốt hoặc xấu. Chẳng hạn, Carolyn biết rõ cô có thể tăng lượng tiêu thụ các loại thức ăn có lợi cho sức khỏe và giảm những món không tốt cho sức khỏe.\r\n\r\nGiờ đây, Carolyn tin rằng cô đang nắm trong tay một “quyền lực” lớn để tác động đến những thứ mà bọn trẻ ăn hàng ngày. Carolyn đang cân nhắc về những việc cô có thể làm với quyền lực mới này. Dưới đây là một vài đề nghị từ phía bạn bè và cả những người làm việc cùng cô:\r\n\r\n1. Bày các món ăn sao cho học sinh được hưởng lợi ích cao nhất.\r\n\r\n2. Giúp việc chọn thức ăn được thực hiện một cách ngẫu nhiên.\r\n\r\n3. Cố sắp xếp các món ăn theo đúng cách bọn trẻ tự chọn khi không có sự can thiệp nào.\r\n\r\n4. Tối đa hóa doanh số bán hàng đối với các nhà cung cấp muốn đề nghị những khoản hoa hồng cao nhất.\r\n\r\n5. Tối đa hóa lợi nhuận, và chấm hết.\r\n\r\nPhương án 1 rõ ràng hấp dẫn, nhưng có phần áp đặt, thậm chí mang tính gia trưởng. Phương án 2 có thể xem là công bằng, hợp lý và trung lập. Phương án 3 dường như là một nỗ lực đáng khen khi cố tránh lối tiếp cận áp đặt: bắt chước cách chọn món ăn của bọn trẻ. Nếu chịu khó suy nghĩ một chút thì phương án này cũng không dễ thực hiện, vì theo Adam, bọn trẻ chọn món ăn theo thứ tự trưng bày. Vậy đâu là tiêu chí lựa chọn của các học sinh tiểu học? Liệu có ý nghĩa gì không khi nói rằng Carolyn phải tìm hiểu trước xem bọn trẻ thường chọn những gì? Ngoài ra, trong một tiệm ăn tự phục vụ, chúng ta không thể tránh một số kiểu trưng bày nào đó.\r\n\r\nPhương án 4 có thể thu hút sự chú ý của những người thích lợi dụng công việc của Carolyn và dùng mánh khóe để đảo lộn thứ tự các món ăn nhằm đạt mục tiêu kinh tế. Nhưng Carolyn là người uy tín và trung thực nên cô không để ý đến phương án này. Cuối cùng, phương án 5, giống phương án 2 và 3, cho thấy có sức hấp dẫn riêng của nó, đặc biệt nếu Carolyn nghĩ rằng một tiệm ăn hiệu quả nhất là tiệm làm ra nhiều tiền nhất. Nhưng Carolyn có thật sự muốn tối đa hóa lợi nhuận, trong khi lại làm cho sức khỏe của các em học sinh sút kém đi bởi những loại thực phẩm không lành mạnh?\r\n\r\nCarolyn là người mà chúng tôi gọi là nhà kiến trúc lựa chọn. Công việc của nhà kiến trúc lựa chọn là thiết lập các phạm vi hay hành lang để người khác ra quyết định. Ở góc độ này, hầu như tất cả chúng ta đều là những nhà kiến trúc lựa chọn, nhưng đa phần chúng ta không nhận ra điều đó. Nếu bạn là bác sĩ và bạn phải mô tả các phương án điều trị khác nhau cho một bệnh nhân, khi đó bạn đã là một nhà kiến trúc lựa chọn rồi đó. Nếu bạn thiết kế một biểu mẫu để nhân viên của bạn đánh dấu chọn phương án tiết kiệm hưu bổng hay bảo hiểm y tế, bạn là nhà kiến trúc lựa chọn. Nếu bạn là một bậc phụ huynh đang trao đổi với con cái các phương án chọn trường, bạn là nhà kiến trúc lựa chọn. Nếu bạn là người bán hàng, bạn đương nhiên là một nhà kiến trúc lựa chọn.\r\n\r\nCó những điểm tương đồng giữa kiến trúc lựa chọn và các hình thức truyền thống hơn của kiến trúc. Một trong những điểm tương đồng đó là không có cái gọi là “trung lập” trong kiến trúc. Ví dụ, một kiến trúc sư được mời thiết kế một tòa nhà để làm học viện với 120 phòng làm việc, 12 phòng họp nhỏ, 8 giảng đường… tại một địa điểm cho trước, cùng với hàng trăm quy tắc về chuẩn xây dựng, thẩm mỹ và tính tiện dụng. Sau khi tập hợp đủ thông tin, vị kiến trúc sư nọ sẽ trình bản vẽ tòa nhà với đầy đủ cửa chính, cửa sổ, cầu thang, hành lang, phòng vệ sinh… Một kiến trúc sư giỏi sẽ biết rõ phòng nào đặt ở đâu để tạo phong thủy tốt nhất cho tòa nhà, cũng như những người sử dụng nó. Một tòa nhà đẹp không chỉ đạt các yêu cầu về thẩm mỹ, mà còn đạt cả yêu cầu về công năng.\r\n\r\nNhư chúng ta sẽ nhìn thấy, những chi tiết nhỏ và dường như không đáng kể lại có tác động lớn đến sự lựa chọn của con người. Quy tắc phổ quát là “mọi thứ đều có nguyên do hay duyên cớ của nó”. Trong nhiều trường hợp, sức mạnh của những chi tiết nhỏ lại xuất phát từ sự tập trung chú ý của người sử dụng theo các hướng dẫn cụ thể. Hệ thống phòng vệ sinh dành cho quý ông ở Phi trường Schiphol, Amsterdam, Hà Lan, là một ví dụ tiêu biểu. Ở đó, người ta cho khắc hình một con ruồi đen vào từng bồn tiểu. Dường như các ông thường không chú ý lắm mỗi khi sử dụng phòng vệ sinh nên các bồn tiểu thường khá dơ bẩn. Nhưng nếu nhìn thấy “mục tiêu” thì họ sẽ chú ý hơn và hành động chính xác hơn nhiều. Theo Aad Kieboom, nhà kinh tế học, người đề ra ý tưởng này, kết quả thật là kỳ diệu. “Nếu các quý ông nhìn thấy con ruồi, họ sẽ “nhắm” thẳng vào nó!”. Các cộng sự của Kieboom đã tiến hành nhiều thí nghiệm tương tự và khám phá ra rằng lượng nước tiểu vương vãi ra ngoài giảm đến 80%!\r\n\r\nSự hiểu biết sâu sắc rằng “mọi thứ đều có nguyên do của nó” vừa làm ta lạnh cả người, vừa làm ta nhận ra được một quyền năng tiềm ẩn lớn lao. Những kiến trúc sư giỏi đều biết rằng họ có thể không thiết kế được những tòa nhà hoàn hảo, nhưng họ có thể tạo ra những lựa chọn mang lại lợi ích cho người sử dụng. Chẳng hạn, các chiếu nghỉ giữa cầu thang giúp người ta có cơ hội dừng lại nghỉ chân và trò chuyện với nhau - cả hai mục đích này đều rất được hoan nghênh. Và giống hệt như các nhà kiến trúc xây dựng với những công trình cụ thể, Carolyn cũng có những cách trưng bày món ăn đặc biệt sao cho các học sinh nhỏ tuổi của chúng ta có sự lựa chọn tốt nhất cho sức khỏe của chúng. Chúng ta nói rằng Carolyn đã tác động đến hành vi lựa chọn của học sinh. Cô đã hích vào các em.\r\n\r\nChủ nghĩa gia trưởng tự do(1)\r\nNếu mọi thứ đều có ý nghĩa riêng của nó thì bạn có nghĩ rằng Carolyn nên tận dụng mọi cơ hội để hích các em học sinh lựa chọn những món ăn có lợi cho chúng không? Nếu bạn chọn Phương án 1, chúc mừng bạn đã đến với một khái niệm mới: Chủ nghĩa gia trưởng tự do.\r\n\r\nChúng tôi rất ý thức rằng thuật ngữ này sẽ không được bạn đọc đón nhận ngay vì dường như hai từ này khi kết hợp với nhau lại gây ra một sự mâu thuẫn: gia trưởng nhưng tự do. Tuy nhiên, chúng tôi cho rằng nếu được hiểu đúng, khái niệm này sẽ phản ánh một cách chính xác những hiểu biết chung nhất của con người, và từ ghép này có sức hấp dẫn lớn hơn nhiều so với khi các thành phần của chúng đứng riêng lẻ. Có lẽ rắc rối duy nhất mà thuật ngữ này gặp phải là nó bị những kẻ giáo điều “làm khó”!\r\n\r\nNghĩa tự do trong khái niệm mới của chúng ta nằm ở sự khẳng định rằng con người phải được tự do làm điều họ muốn và tự do từ chối những thứ họ không muốn. Ở đây, chúng tôi xin mượn lời của nhà kinh tế học vĩ đại Milton Friedman (1912 – 2006) để nói rằng những người theo chủ nghĩa gia trưởng tự do luôn kêu gọi trao quyền tự do lựa chọn cho con người. Chúng tôi cố gắng thiết kế các chính sách có khả năng duy trì hoặc tăng cường quyền tự do lựa chọn cho mọi người. Khi sử dụng từ tự do để bổ nghĩa cho chủ nghĩa gia trưởng, chúng tôi chỉ đơn giản muốn đề cập đến vấn đề giữ gìn quyền tự do, và chúng tôi thực sự đã làm điều đó. Những người theo chủ nghĩa gia trưởng tự do luôn muốn tạo điều kiện dễ dàng hơn cho người khác thực hiện những gì họ muốn theo cách của họ, cũng như không bao giờ gây trở ngại đối với những người muốn thực hiện quyền tự do của mình.\r\n\r\nChủ nghĩa gia trưởng nói rằng việc các nhà kiến trúc lựa chọn tác động đến hành vi của người khác để họ có thể sống thọ hơn, lành mạnh hơn và giàu có hơn là hoàn toàn hợp pháp. Theo chúng tôi, một chính sách được gọi là “có tính gia trưởng” nếu nó tác động đến quyết định của người lựa chọn nhằm giúp họ (hay cuộc sống của họ) trở nên tốt đẹp hơn, theo cách họ tự phán đoán. Xem xét kết quả từ nhiều cuộc nghiên cứu khoa học, chúng tôi nhận thấy cá nhân mỗi con người thường có những quyết định kém cỏi - những quyết định mà họ sẽ không bao giờ làm nếu họ thực sự chú ý và nắm trong tay đầy đủ thông tin.\r\n\r\nChủ nghĩa gia trưởng tự do là một hình thái khác tương đối mềm dẻo và không xâm phạm. Nó thuộc chủ nghĩa gia trưởng vì các lựa chọn không bị ngăn cản, che chắn hoặc tạo thành gánh nặng. Nếu ai đó thích hút thuốc, ăn kẹo hay chọn một gói bảo hiểm sức khỏe không phù hợp với họ thì các nhà chủ nghĩa gia trưởng tự do cũng không bắt họ phải làm ngược lại.\r\n\r\nCú hích, như các bạn sẽ thấy chúng tôi sử dụng thường xuyên trong suốt quyển sách này, là bất kỳ phương diện nào của kiến trúc lựa chọn có thể thay đổi hành vi con người nhưng không thay đổi sâu sắc các lợi ích kinh tế của họ. Để được xem là một cú hích, sự can thiệp phải dễ thực hiện và không tốn kém. Cú hích không mang tính ép buộc. Đặt trái cây ngang tầm mắt bọn trẻ là một cú hích, nhưng cấm ăn quà vặt chắc chắn không phải là một cú hích.\r\n\r\nCon người và Econ: Tại sao những cú hích có thể mang lại lợi ích?\r\nNhững người phản đối chủ nghĩa gia trưởng cho rằng con người luôn thực hiện xuất sắc các lựa chọn của mình, hoặc nếu không muốn nói xuất sắc thì họ cũng làm điều đó tốt hơn bất cứ sinh vật nào khác. Không rõ họ đã từng nghiên cứu về kinh tế học hay chưa, nhưng nhiều người dường như cứ bám vào ý nghĩ về homo economicus, hay con người kinh tế - một khái niệm mà từng người trong chúng ta thường nghĩ và chọn đúng như thế, và thế là nó phù hợp với hình ảnh giáo khoa của con người được các nhà kinh tế học định nghĩa.\r\n\r\nNếu bạn đọc các sách giáo khoa về kinh tế học, bạn sẽ thấy con người kinh tế có cách tư duy giống như Einstein, có khả năng lưu trữ thông tin như máy chủ Big Blue của IBM và thể hiện sức mạnh ý chí của họ như Mahatma Gandhi. Nhưng con người chúng tôi đề cập ở đây không phải thế. Con người của chúng tôi hay bị bối rối trước một phép chia có nhiều chữ số, nếu lúc đó họ không có một cái máy tính cầm tay, đôi khi họ còn quên cả ngày sinh của vợ/chồng mình và thường say túy lúy vào ngày đầu năm mới. Họ không phải là homo economicus - con người kinh tế, mà họ là homo sapiens - con người tiến hóa, hay con người thông minh. Để việc sử dụng các từ La-tinh ở mức ngắn gọn tối thiểu, từ đây chúng ta thống nhất gọi hai đối tượng nghiên cứu ảo và thật này là Econ và Con người.\r\n\r\nNguồn thông tin cơ bản của chúng ta ở đây chính là khoa học về sự lựa chọn, bao gồm những nghiên cứu thận trọng của các nhà khoa học xã hội trong hơn bốn thập kỷ vừa qua. Những nghiên cứu đó đã nêu lên nhiều vấn đề nghiêm trọng về tính hợp lý của rất nhiều kiểu phán đoán và quyết định mà con người thực hiện hàng ngày. Để được xem là Econ, con người không cần phải đưa ra những nhận định hoàn hảo (điều này đòi hỏi sự toàn tri(2)), nhưng họ cần đưa ra những ước đoán không định kiến. Có nghĩa là, ước đoán có thể sai, nhưng họ không thể sai một cách có hệ thống theo một chiều hướng có thể dự đoán được. Không như Econ, Con người, như bạn có thể đoán ra, thường phạm sai lầm. Ví dụ, “ảo tưởng hoạch định” tức là khuynh hướng lạc quan phi thực tế về thời gian cần thiết để hoàn thành một dự án nào đó. Những ai từng thuê nhà thầu phụ đều có trải nghiệm này: Mọi việc đều kéo dài hơn dự định ban đầu, dù rằng họ đã dự trù trước vấn đề vỡ kế hoạch.\r\n\r\nHàng trăm công trình nghiên cứu đã xác nhận rằng những dự đoán của con người là không hoàn thiện và đầy định kiến. Quá trình ra quyết định của họ cũng không hoàn hảo. Một lần nữa hãy xem ví dụ về cái được gọi là định kiến nguyên trạng - một tên gọi hoa mỹ cho tính ỳ tâm lý của chúng ta. Vì một tá lý do khác nhau, mà chúng ta sắp sửa tìm hiểu trong phần sau của quyển sách này, con người có xu hướng ngả theo định kiến hay các lựa chọn đã được định sẵn.\r\n\r\nChẳng hạn, khi mua một chiếc điện thoại mới, bạn sẽ có một chuỗi lựa chọn. Chiếc điện thoại càng thời thượng thì bạn càng đối mặt với nhiều lựa chọn hơn, từ hình nền cho đến nhạc chuông, rồi số lần đổ chuông trước khi chuyển sang tín hiệu hộp thư thoại hay từ chối nhận cuộc gọi một cách lịch sự… Trong mỗi lựa chọn như thế, nhà sản xuất đều thiết lập một mặc định và thường thì khách hàng luôn chọn các mặc định ấy, dù rằng tiếng chuông mặc định có âm độ lớn hơn nhiều so với kỳ vọng của bạn.\r\n\r\nTừ đây, có hai bài học được rút ra: Một là đừng bao giờ đánh giá thấp sức mạnh của tính ỳ tâm lý. Thứ hai, sức mạnh đó có thể được khai thác theo hướng có lợi. Nếu các công ty tư nhân và các định chế nhà nước cho rằng một chính sách nào đó mang lại kết quả tốt hơn, họ có thể tác động đến kết quả bằng cách thiết lập một mặc định, chẳng hạn để những người làm công ăn lương có những lựa chọn tốt hơn cho kế hoạch tiết kiệm hưu bổng hay gói bảo hiểm y tế của họ, kể cả vấn đề hiến tạng và cấy ghép nội tạng đang trong tình trạng đầy tranh cãi hiện nay.\r\n\r\nKết quả của những phương án mặc định được cân nhắc kỹ lưỡng chỉ là một minh họa cho quyền lực nhẹ nhàng của những cú hích. Theo định nghĩa của chúng tôi, cú hích là bất cứ nhân tố nào làm thay đổi một cách có ý nghĩa hành vi của Con người, dù có thể bị các Econ bỏ qua. Econ hành động theo lợi ích kinh tế. Với họ, nếu chính phủ tăng thuế bánh kẹo thì họ sẽ mua ít bánh kẹo đi, chứ họ không bị chi phối bởi thứ tự các mặc định được thiết kế trong kiến trúc lựa chọn. Con người cũng bị tác động bởi lợi ích kinh tế, nhưng họ lại bị chi phối bởi cả những cú hích. Vậy, bằng cách áp dụng cả lợi ích kinh tế và những cú hích, chúng ta có thể cải thiện khả năng thay đổi cuộc sống của con người và góp phần giải quyết nhiều vấn đề lớn của xã hội. Và điều quan trọng là chúng ta có thể làm điều đó trong khi vẫn bảo đảm được quyền tự do lựa chọn của mọi người.\r\n\r\nMột giả thiết sai và hai khái niệm nhầm lẫn\r\nRất nhiều người bảo vệ quyền tự do lựa chọn phản đối gay gắt mọi hình thức của chủ nghĩa gia trưởng. Họ muốn nhà nước phải trao cho công dân quyền tự do lựa chọn tuyệt đối. Một chính sách tiêu chuẩn phải cung cấp đủ số lượng lựa chọn như có thể và tạo điều kiện để người dân chọn phương án họ cho là tốt nhất. Ý nghĩa tốt đẹp của cách nghĩ này là đưa ra một giải pháp đơn giản trước nhiều vấn đề phức tạp: TỐI ĐA HÓA (số lượng phương án khác nhau) CÁC LỰA CHỌN. Chấm hết! Trong nhiều lĩnh vực, tối đa hóa lựa chọn trở thành một câu thần chú trong hoạch định chính sách. Đôi khi phương án thay thế duy nhất cho câu thần chú này là một quy định bắt buộc của chính phủ vốn có nguồn gốc từ câu \"Một Cỡ Cho Mọi Người”(3). Những người ủng hộ tối đa hóa các lựa chọn không nhận ra có một khoảng cách lớn giữa chính sách của họ và quy định bắt buộc của nhà nước. Họ phản đối chủ nghĩa gia trưởng và họ hoài nghi sức mạnh của những cú hích. Chúng tôi tin rằng sự ngờ vực của họ đã dựa vào một giả thiết sai và hai khái niệm nhầm lẫn.\r\n\r\nGiả thiết sai là nói rằng hầu hết mọi người, hầu như mọi lúc, đều có những lựa chọn phù hợp nhất với lợi ích của họ, hoặc chí it cũng tốt hơn lựa chọn của những người khác. Chúng tôi khẳng định giả thiết này là sai, thực ra, phải nói là hiển nhiên sai.\r\n\r\nGiả sử có một người mới biết chơi cờ và anh ta đấu với một tay cờ lão luyện. Chắc chắn là người mới biết chơi sẽ thua ngay vì những nước đi (lựa chọn) hạ sách của mình. Trong nhiều lĩnh vực, đa phần khách hàng là những “tay cờ non nớt”, nhưng lại phải đương đầu với những bộ óc chuyên nghiệp trong việc thiết kế sản phẩm và bán hàng. Việc khách hàng lựa chọn tốt, xấu thế nào là vấn đề thuộc về kinh nghiệm. Nhưng có thể nói rằng người ta sẽ có những lựa chọn xuất sắc trong những lĩnh vực mà họ có kinh nghiệm, có đầy đủ thông tin và nhận được những phản hồi kịp thời. Như khi chọn hương vị kem chẳng hạn. Người ta luôn biết mình thích kem sô- cô-la, va-ni, cà-phê hay cam thảo… Ngược lại, họ sẽ chọn kém hơn trong những lĩnh vực họ không có kinh nghiệm, không có thông tin đầy đủ và chỉ nhận được những phản hồi chậm chạp hoặc không thường xuyên, chẳng hạn khi chọn giữa trái cây và kem, giữa gói bảo hiểm y tế phù hợp hay một danh mục đầu tư đa dạng và hiệu quả... Nếu bạn được trao cho 50 phương án điều trị khác nhau, bạn sẽ chọn phương án nào? Vì vậy, cho tới khi nào con người còn không có những lựa chọn hoàn hảo thì một vài thay đổi trong kiến trúc lựa chọn còn có thể làm cho cuộc sống của họ trở nên tốt đẹp hơn.\r\n\r\nTiếp theo, khái niệm nhầm lẫn đầu tiên là ý kiến cho rằng có thể tránh được việc gây ảnh hưởng đến sự lựa chọn của người khác. Trong nhiều tình huống, một tổ chức hay một người nào đó phải có một lựa chọn làm ảnh hưởng đến hành vi của người khác. Có nghĩa là không thể tránh việc hích vào họ từ một hướng nào đó, và bất kể có chủ đích hay không, những cú hích như thế chắc chắn sẽ tác động đến những gì họ lựa chọn. Một số cú hích không chủ đích nhưng lại cho những kết quả đáng ngạc nhiên. Ví dụ, các chủ công ty có thể quyết định trả lương hàng tháng hay mỗi hai tuần mà không có ý định tạo ra một cú hích nào, nhưng họ rất ngạc nhiên khi biết rằng nhân viên sẽ tiết kiệm được nhiều hơn, nếu họ được nhận lương mỗi hai tuần, vì sẽ có hai lần trong năm họ sẽ được nhận lương ba lần trong một tháng!\r\n\r\nKhái niệm nhầm lẫn thứ hai là chủ nghĩa gia trưởng luôn gắn liền với sự ép buộc. Trong ví dụ về tiệm ăn ở trên, việc lựa chọn thứ tự sắp xếp các món ăn không hề ép một học sinh bất kỳ phải nhận một khẩu phần cụ thể nào cả. Liệu có người nào phản đối việc bày trái cây và rau trộn trước món tráng miệng nhằm khuyến khích bọn trẻ ăn nhiều táo hơn và ăn ít bánh ngọt hơn? Câu hỏi này có gì khác không, nếu đối tượng là những học sinh lớn tuổi hơn, các em thiếu niên, thậm chí cả người lớn? Bởi không có sự cưỡng ép nào ở đây nên chúng tôi nghĩ rằng một vài hình thức của chủ nghĩa gia trưởng là có thể chấp nhận được, ngay cả đối với những người trung thành nhất với quyền tự do lựa chọn.\r\n\r\nTrong các lĩnh vực khác nhau như tiết kiệm, hiến tạng, và chăm sóc sức khỏe, chúng tôi sẽ đưa ra một số đề nghị cụ thể nhằm bám sát phương pháp chung của mình. Do các lựa chọn hoàn toàn không bị hạn chế, nên nguy cơ từ những thiết kế vớ vẩn hay sai lầm sẽ được giảm thiểu.', 0),
(23, 11, 26, 'Tư duy nhanh và chậm', 89000, '../../images/sach/23.jpg', 'Tư Duy Nhanh Và Chậm (nguyên tác: Thinking fast and slow) tổng hợp tất cả nghiên cứu được tiến hành qua nhiều thập kỷ của nhà tâm lý học từng đạt giải Nobel Kinh tế Daniel Kahneman sẽ cho bạn thấy những sư hợp lý và phi lý trong tư duy của chính bạn. Cuốn sách được đánh giá là “kiệt tác” trong việc thay đổi hành vi của con người và đã dành được vô số giải thưởng danh giá, lọt vào Top 11 cuốn sách hay về tâm lý hấp dẫn nhất năm 2011. Cuốn sách đặc biệt đã dành được vô số giải thưởng danh giá: Sách khoa học hay nhất của Học viện Khoa học Quốc gia năm 2012, được tạp chí The New York Times bình chọn là sách hay nhất năm 2011, một trong những cuốn sách kinh tế xuất sắc năm 2011, chiến thắng giải thưởng cuốn sách được quan tâm nhất năm 2011 của tạp chí Los Algeles…\r\nTrong một loạt thí nghiệm tâm lý, Kahneman và Tversky chứng minh rằng con người thường đi đến quyết định theo cơ chế nghĩ nhanh hơn là nghĩ chậm. Phần lớn nội dung của cuốn sách hay về kinh tế này chỉ ra những sai lầm của con người khi suy nghĩ và chứng minh rằng chúng ta tệ hơn những gì chúng ta tưởng: đó là chúng ta không biết những gì chúng ta không biết!', 16),
(24, 11, 27, 'Người giàu có nhất thành Babylon', 110000, '../../images/sach/24.jpg', 'Từ khi tiền được phát minh, nó đã chính thức thay đổi cuộc sống và sự phát triển của nhân loại. Không chỉ là công cụ để giao thương trao đổi mà tiền đã trở thành thước đo của sự thành công. Tiền là công cụ để thực hiện ước mơ, sống một cuộc sống sung túc mà bất cứ ai ao ước có được. Thậm chí ngày nay, tiền bạc vẫn tiếp tục tạo ra những ảnh hưởng lớn đối với cuộc sống chúng ta. Không thể phủ nhận rằng sự dồi dào về vật chất sẽ làm cuộc sống tốt đẹp hơn.\r\nNgười giàu có nhất thành Babylon sẽ dẫn dắt chúng ta ngược dòng thời gian về nơi nguyên thủy vương quốc Babylon nơi hình thành những nguyên tắc tiền bạc, những quy luật tạo ra tiền nhằm đạt cuộc sống sung túc và sang trọng bậc nhất. Trải qua hàng thập kỷ, những nguyên tắc vẫn mang giá trị thiết thực được kế thừa, phát triển và vận dụng trên toàn thế giới. Quyển sách hay về kinh tế này sẽ giúp bạn vận dụng hiệu quả những nguyên lý để bạn phát triển sức mạnh tài chính. Từ đó bạn hoàn toàn có khả năng hiện thực hóa ước mơ, dự định, theo đuổi đam mê của riêng mình với túi tiền căng phồng, sung túc.', 0),
(25, 13, 28, 'Liệu IT Đã Hết Thời', 198000, '../../images/sach/25.jpg', 'CNTT đã làm thay đổi cách mà các Công Ty thực hiện nhiều hoạt động quan trọng. Nhiều Công Ty nhờ có CNTT đã vươn lên vị trí tầm cỡ thế giới, hoặc một số Công Ty chuyển những giao dịch Offline trước đây thành Online. CNTT giúp cho mọi việc trở nên nhanh chóng và thuận tiện hơn cách làm truyền thống rất nhiều. Nhưng song song với đó thì cũng có nhiều Công Ty trở nên thất bại vì CNTT.\r\n\r\nCNTT hiện tại đã trở thành chi phí vốn lớn nhất, là yếu tố quan trọng không thể thiếu đối với các Công Ty dù lớn hay nhỏ. Cũng có nhiều doanh nghiệp chi rất nhiều tiền vào CNTT, nhưng do thiếu sự hiểu biết nên dẫn đến những hệ quả khôn lường.\r\n\r\nMục tiêu của cuốn sách này nhằm giúp nâng cao sự hiểu biết về CNTT cho các nhà quản lý kinh doanh, cũng như nhà đầu tư và hoạch định chính sách một quan điểm mới về sự giao nhau giữa công nghệ, cạnh tranh và lợi nhuận.', 0),
(26, 13, 29, 'The Pragmatic Programmer', 122000, '../../images/sach/26.jpg', 'Andy Hunt là một nhà văn viết sách công nghệ thông tin về phát triển phần mềm. Ông cũng là đồng tác giả của nhiều đầu sách nổi tiếng cùng lĩnh vực. Ông cũng là một trong 17 tác giả của tuyên ngôn Agile và cũng là người sáng lập Liên minh Agile.\r\n\r\nThe Pragmatic Programmer là cuốn sách minh họa tốt nhất của những cạm bẫy và những khía cạnh khác nhau của sự phát triển phần mềm. Dù bạn là lập trình mới hay là người có nhiều kinh nghiệm thì cuốn sách này sẽ giúp bạn hiểu được các vấn đề xung quanh đặc biệt là cách bạn bảo vệ sản phẩm của mình, được rút ra từ chính kinh nghiệm của tác giả.', 0),
(27, 13, 30, 'The Design of Everyday Things', 150000, '../../images/sach/27.jpg', 'Nội dung cuốn sách nói về cách thiết kế đóng vai trò giao tiếp giữa đối tượng với người dùng và cách tối ưu hóa để người dùng có trải nghiệm tốt nhất. Với kinh nghiệm của mình, tác giả biến những hình ảnh thành những đối tượng biết giao tiếp, giúp người dùng hiểu được nội dung thiết kế mà họ nhìn thấy.', 0),
(28, 13, 31, 'Gián điệp mạng', 135000, '../../images/sach/28.jpg', 'Gián điệp mạng là một câu chuyện có thực và nhân vật chính cũng là chính tác giả. Ông kể về cuộc săn đuổi hacker bất đắc dĩ của một nhà khoa học chuyển sang ngang thành nhà quản lý mạng máy tính ở Mỹ.\r\n\r\nTrong một lần kiểm tra hệ thống kế toán của phòng thí nghiệm, Cliff Stoll nghi ngờ có người đã sử dụng trái phép hệ thống của mình. Với quyết tâm tìm ra kẻ đứng sau, ông bắt tay vào chuyến phưu lưu một mình cùng gã hacker bí ẩn. Với những thiết bị thô sơ, tự chế do không có sự giúp đỡ từ mọi người dù đã nhiều lần ông gõ cửa FBI, các cơ quan an ninh và các cơ quan quân sự khác. Ông đã theo dõi gã hacker đó qua nhiều mạng máy tính, từ những mạng quân sự nhạy cảm, căn cứ quân sự và xuyên Đại Tây Dương để đến những nơi như Nhật, Đức. Cuối cùng, với một chiến lược tự chế ông đã bắt được gã hacker quốc tế với động cơ là tiền, các chất kích thích và những thông tin tình báo.\r\n\r\nCâu chuyện cũng đã từng là nguồn cảm hứng cho rất nhiều chương trình truyền hình ở Mỹ sau này, ông cũng nhận được bằng khen của CIA và đồng thời trở thành một chuyên gia bất đắc dĩ, được nhiều người tìm kiếm để xin tư vấn về an ninh mạng.', 0),
(29, 1, 32, 'Nhà giả kim', 67000, '../../images/sach/29.jpg', 'Trong một đoàn người lữ hành, một nhà giả kim thuật lại một câu chuyện mà ông đọc được dọc dường. Đó là một dị bản của truyền thuyết hoa thủy tiên. Điều độc đáo trong dị bản này là cái hồ nước, nơi Narcissus rơi xuống và chết, không khóc vì vẻ đẹp của chàng trai, mà bởi vì hồ nước có thể nhìn thấy vẻ đẹp của chính mình phản chiếu trong đôi mắt chàng trai trẻ. Ý này được lấy từ bài thơ ngắn \"The Disciple\" của Oscar Wilde.\r\n\r\nNhân vật chính là Satiago. Mong muốn của cha mẹ Santigo là muốn cậu trở thành linh mục để mang lại niềm tự hào cho gia đình, nhưng vì ước mơ từ nhỏ của chính mình - đi đây đi đó khắp thế giới, Santigo đã thuyết phục được cha cậu và trở thành một người chăn cừu.\r\n\r\nLà người chăn cừu, cậu đã chu du khắp vùng quê Andaluisa, phía nam Tây Ban Nha, trong vài năm, tận hưởng một cuộc sống vô tư lự và phiêu lưu. Trên đường tới một thành phố nhỏ mà một năm trước cậu đã từng tới để bán lông cừu và gặp người con gái của ông chủ tiệm - cô gái mà cậu thầm mến, Santiago có một giấc mơ cậu không thực sự hiểu lặp lại hai lần. Nhớ ra ở Tarifa có một bà thầy bói đoán mộng, Santiago quyết định đi gặp bà lão. Với cái giá là một lời thề, rằng khi tìm được kho tàng của mình ở Kim tự tháp Ai Cập cậu phải chia một phần mười của nó cho bà, song câu giải đáp cậu nhận được từ bà lại không khiến cậu thực sự tin tưởng và hài lòng: hãy đi đến Kim tự tháp Ai Cập… Thế nhưng sự rối rắm về giấc mơ của cậu bé chăn cừu cũng không còn quá xa xôi và rối rắm sau khi cậu gặp một ông lão - Melchizedek, vua của xứ Salem và nhận được chỉ dẫn - dấu hiệu. Cậu bán đi đàn cừu cho một người bạn và đưa cho ông lão sáu con cừu còn lại - một phần mười số cừu của cậu để trả công cho ông lão.  Sau khi nhận được 2 hòn đá - Urim và Thumim từ ông lão, cậu bắt đầu chuyến đi đến Kim tự tháp Ai Cập. Trong vòng một ngày khi vừa đến Moroco, Santiago bị lừa mất hết tiền và mắc kẹt lại tại đó. Mất hết tất cả, Santiago phải làm việc tại một cửa hàng bán pha lê với ý nghĩ Ai Cập chỉ còn là giấc mộng và lên kế hoạch dành dụm tiền trở về Tarifa rồi mua lại đàn cừu.\r\n\r\nSau đó gần một năm, cậu quyết định rời tiệm pha lê vì cậu đã có đủ tiền mua một bầy cừu mới, gấp đôi số cừu cậu bán đi hồi trước. Thế mà Santiago lại không mua một con cừu nào cả mà quyết định tiếp tục con đường đi tìm kho tàng bí mật ở Kim tự tháp Ai Cập, vì khi thu dọn hành lý cậu một lần nữa nhìn thấy hai hòn đá Urim và Thummim mà cậu nhận được từ vua xứ Salem.\r\n\r\nCậu gia nhập đoàn lữ hành đến một sa mạc nơi gần các kim tự tháp. Trong đoàn người, cậu gặp một anh chàng người Anh - người đã tìm kiếm những nhà giả kim chân chính suốt 20 năm qua. Đoàn người tiến dần về phía ốc đảo. Khi người Anh nọ thử quan sát sa mạc và học ngôn ngữ sa mạc, thì Santigo đọc những cuốn sách của anh ta và học về thuật giả kim.\r\n\r\nKhi họ tới ốc đảo, đoàn lữ hành được chào đón, và được khuyên phải dừng bước vì có chiến tranh giữa các bộ tộc phía trước. Ở nơi đây cậu đã cố giúp anh chàng người Anh tìm một nhà giả kim và cậu gặp được cô gái cậu yêu ngay từ cái nhìn đầu tiên - Fatima. Trong thời gian ở ốc đảo, nhờ vào \"dấu hiệu\" mà Santigo đã có thể dự báo trước và giúp bộ tộc tránh được một cuộc tấn công đột ngột vào ốc đảo. Cậu được thưởng rất nhiều tiền vàng, cùng một lời đề nghị trở thành người cố vấn quan trọng cho trưởng tộc. Cũng chính lúc ấy nhà giả kim ở ốc đảo nhận ra rằng ông đã tìm thấy một học trò xuất sắc - Santiago.\r\n\r\nCậu lưỡng lự khi phải rời ốc đảo vì tình yêu với Fatima. Nhà giả kim nói với cậu rằng trái tim cậu ở đâu thì kho báu cũng ở đó, tình yêu thật sự không bao giờ ngăn cản ai theo duổi vận mệnh của mình cả. Sau khi nói chuyện cùng Fatima - người phụ nữ sa mạc sẽ luôn đợi mình, cậu đã rời ốc đảo và lên đường đi tới kim tự tháp cùng nhà giả kim. Tới một vùng sa mạc cai quản bởi những chiến binh hung dữ, để được sống cậu đã \"tặng\" hết đi số tài sản của mình. Mọi chuyện chưa kết thúc ở đó vì để lấy lại tự do, trong vòng 3 ngày Santiago phải trổ tài \"biến thành gió\". Nhờ vào ngôn ngữ của vũ trụ mà mình học được cậu đã trổ tài \"biến thành gió\" của mình cho những chiến binh và nhận được tự do. Khi quãng đường tới kim tự tháp không còn xa nữa, nhà giả kim từ biệt cậu. Trước khi từ biệt cậu được chứng kiến ông biến chì thành vàng và nhận được 1 phần 4 số vàng.\r\n\r\nĐến được kim tự tháp, trong khi đang đào cát để tìm kiếm kho tàng, cậu đụng độ những tên cướp và bị cướp mất số vàng cậu nhận được từ nhà giả kim. Những tên cướp cười lớn khi nghe câu chuyện cậu đã vượt sa mạc để đến kho báu, một tên trong số đó nói rằng ngay tại chỗ này hắn cũng có một giấc mơ về kho tàng tại một nhà thờ ở Tây Ban Nha vào hai năm trước. Cuối cùng Santiago đã lấy được kho tàng, ở ngay nơi mà cậu đã có giấc mơ về kho tàng.', 1),
(30, 16, 33, 'Thông điệp của nước', 68000, '../../images/sach/30.jpg', 'Sách hay về khoa học của Masaru Emoto sẽ thay đổi một cách sâu sắc thế giới quan của bạn. Ông phát hiện ra rằng nước từ những dòng suối trong sạch và nước được tiếp xúc với những ngôn từ đáng yêu hiển thị những hình mẫu rực rỡ, phức tạp và dạng bông tuyết đầy sắc màu. Ngược lại, nước ô nhiễm, hay nước tiếp xúc với những suy nghĩ tiêu cực, hình thành những hình mẫu thiếu hoàn chỉnh, bất đối xứng có màu sắc mờ tối.\r\nÝ nghĩa của nghiên cứu này chính là hình thành nên lối nhận thức mới về cách chúng ta có thể tác động tích cực đến trái đất và chính sức khỏe cá nhân mỗi chúng ta. Cuốn sách là quá trình tiến hành nghiên cứu, đo lường dao động sóng trong nước, tìm hiểu về những tinh thể và tác giả đã khám phá ra rằng nước tự thể hiện nó theo muôn vàn cách khác nhau.', 0),
(31, 16, 34, 'Bí Mật Của Một Trí Nhớ Siêu Phàm', 98000, '../../images/sach/31.jpg', 'Trong quyển sách hay về khoa học trí nhớ này, Eran Katz khẳng định rằng trí nhớ của bạn tốt hơn bạn tưởng rất nhiều. Và bạn đã rất sai lầm khi nghĩ rằng trí nhớ của mình không hoàn hảo và mất niềm tin vào nó. Bạn có biết chúng ta chỉ sử dụng 10% khả năng nhớ của bộ não trong suốt cuộc đời, chính vì thế bộ não còn bộ nhớ rất khổng lồ mà chúng ta đã lãng phí.\r\nĐể tận dụng 90% lãng phí đó, Eran Katz đã đưa ra những phương pháp ghi nhớ và một hệ thống các bài luyện tập tăng cường trí nhớ đặc biệt giúp tăng cường trí nhớ của bạn. Và một trong những phương pháp hữu hiệu nhất ông thường xuyên áp dụng chính là phương pháp liên tưởng.', 0),
(32, 16, 35, 'Những Nhà Khám Phá', 110000, '../../images/sach/32.jpg', 'Những nhà khám phá là một tập khảo luận đồ sộ và bao quát về cách thức nhân loại đã khám phá thế giới. Bằng những kết hợp những mảnh tư liệu lớn trong kho tàng lịch sử tri thức thành những cấu trúc trật tự và lô gích, Boorstin đã cho chúng ta thấy hiểu biết của chúng ta về sự phát triển của vũ trụ trong gần hai thiên niên kỷ qua, từ Ptolemy qua Copernicus và Newton tới Einstein.\r\nNhững Nhà Khám Phá là quyển mở đầu của bộ sách hay về khoa học lịch sử thế giới bao gồm: Những nhà sáng tạo và Những người tìm kiếm. Một tác phẩm nổi bật, vượt trội, khai mở cho người tò mò muốn biết thế giới đã được khám phá như thế nào, một trong những bách khoa thư lịch sử xuất sắc nhất khó lòng tìm được ở bất cứ nơi đâu khác.', 0),
(33, 16, 36, 'Các Thế Giới Song Song', 87000, '../../images/sach/33.jpg', 'Với quyển sách này, Michio Kaku sẽ dẫn dắt chúng ta đến với chuyến du hành qua các vũ trụ để chiêm ngưỡng vẻ đẹp kỳ vĩ của vũ trụ kể từ vụ nổ lớn, vượt qua những hố đen, lỗ sâu, bước vào các thế giới lượng tử từ muôn màu kỳ lạ nằm ngay trước mũi chúng ta, vốn dĩ tồn tại song song trên một màng bên ngoài không – thời gian bốn chiều.\r\nChúng ta sẽ được ngắm nhìn thực tại vật chất quen thuộc hoà quyện với thế giới của những điều kỳ diệu như năng lượng và vật chất tối, sự nảy chồi của các vũ trụ, những chiều không gian bí ẩn và sự biến ảo của các dây rung siêu nhỏ…', 0);

-- --------------------------------------------------------

--
-- Cấu trúc bảng cho bảng `tac_gia`
--

CREATE TABLE `tac_gia` (
  `id_tac_gia` int(11) NOT NULL,
  `ten_tac_gia` varchar(256) NOT NULL,
  `but_danh` varchar(256) NOT NULL,
  `ngay_sinh` date NOT NULL,
  `que_quan` varchar(256) NOT NULL,
  `link_anh` varchar(256) NOT NULL
) ENGINE=InnoDB DEFAULT CHARSET=utf8mb4;

--
-- Đang đổ dữ liệu cho bảng `tac_gia`
--

INSERT INTO `tac_gia` (`id_tac_gia`, `ten_tac_gia`, `but_danh`, `ngay_sinh`, `que_quan`, `link_anh`) VALUES
(1, 'Ngô Gia Văn Phái', 'Ngô Gia Văn Phái', '1709-10-29', 'Hà Nội', '../../images/tac_gia/1.jpg'),
(2, 'Nguyễn Du', 'professor', '2020-10-28', 'Hà Tĩnh', '../../images/tac_gia/2.jpg'),
(3, 'Nguyễn Trãi', 'Nguyễn Trãi', '1939-02-21', 'Hà Tây', '../../images/tac_gia/3.jpg'),
(4, 'Nguyễn Quang Sáng', 'Nguyễn Sáng', '1932-01-12', 'Long Xuyên', '../../images/tac_gia/4.jpg'),
(5, 'Stephen Hawking', 'Stephen Hawking', '1942-01-08', 'Oxford, England', '../../images/tac_gia/5.jpg'),
(6, 'Charles Robert Darwin', 'Charles Darwin', '1909-02-12', 'England', '../../images/tac_gia/6.jpg'),
(7, 'Hector Malot', 'Hector Malot', '1830-05-20', 'La Bouille, Pháp', '../../images/tac_gia/7.jpg'),
(8, 'Vũ Trọng Phụng', 'Vũ Trọng Phụng', '1912-10-20', 'Hà Nội, Việt Nam', '../../images/tac_gia/8.jpg'),
(9, 'Ngô Tất Tố', 'Ngô Tất Tố', '1894-01-01', 'Bắc Giang, Việt Nam', '../../images/tac_gia/9.jpg'),
(10, 'Nguyễn Nguyên Hồng', 'Nguyên Hồng', '1918-11-05', 'Nam Định, Việt Nam', '../../images/tac_gia/10.jpg'),
(11, 'Trần Hữu Tri', 'Nam Cao', '1917-10-29', 'Hà Nam, Việt Nam', '../../images/tac_gia/11.jpg'),
(12, 'Ernest Miller Hemingway', 'Ernest Miller Hemingway', '1899-07-21', 'Idaho, Hoa Kỳ', '../../images/tac_gia/12.jpg'),
(13, 'Nguyễn Nhật Ánh', 'Nguyễn Nhật Ánh', '1955-05-07', 'Quảng Nam, Việt Nam', '../../images/tac_gia/13.jpg'),
(14, 'Thạch Lam', 'Nguyễn Tường Vinh', '1910-07-07', 'Hà Nội, Việt Nam', '../../images/tac_gia/14.jpg'),
(15, 'Phạm Huy Hoàng', 'Phạm Huy Hoàng', '1996-02-03', 'TP.HCM, Việt Nam', '../../images/tac_gia/15.jpg'),
(16, 'Haris Stephenson', 'Haris Stephenson', '1987-06-04', 'Paris, Pháp', '../../images/tac_gia/16.jpg'),
(17, 'Authur Conan Doyle', 'Authur Conan Doyle', '1859-05-22', 'Scotland', '../../images/tac_gia/17.jpg'),
(18, 'Patricia Highsmith', 'Patricia Highsmith', '1921-01-19', 'Texas, Hoa Kỳ', '../../images/tac_gia/18.jpg'),
(19, 'Lôi Mể', 'Lôi Mể', '1988-04-03', 'Bắc Kinh, Trung Quốc', '../../images/tac_gia/19.jpg'),
(20, 'William Faulkner', 'William Faulkner', '1897-09-25', 'Missipsippi, Hoa Kỳ', '../../images/tac_gia/20.jpg'),
(21, 'Mạc Ngôn', 'Mạc Ngôn', '1955-02-17', 'Trung  Quốc', '../../images/tac_gia/21.jpg'),
(22, 'Dazai Osamu', 'Dazai Osamu', '1909-06-19', 'Nhật Bản', '../../images/tac_gia/22.jpg'),
(23, 'Napoleon Hill', 'Napoleon Hill', '1883-10-26', 'Virrinia, Hoa Kỳ', '../../images/tac_gia/23.jpg'),
(24, 'Jack Canfield', 'Jack Canfield', '1944-08-19', 'Texas, Hoa Kỳ', '../../images/tac_gia/24.jpg'),
(25, 'Richard H. Thaler', 'Richard H. Thaler', '1945-09-12', 'New Jersey, Hoa Kỳ', '../../images/tac_gia/25.jpg'),
(26, 'Daniel Kahneman', 'Daniel Kahneman', '1934-03-05', 'Israel', '../../images/tac_gia/26.jpg'),
(27, 'George Samuel Clason', 'George Samuel Clason', '1874-11-07', 'Misouri, Hoa Kỳ', '../../images/tac_gia/27.jpg'),
(28, 'Nicholas G. Carr', 'Nicholas G. Carr', '1959-06-17', 'Netherlands', '../../images/tac_gia/28.jpg'),
(29, 'Andy Hunt', 'Andy Hunt', '1989-04-30', 'Oasinton, Hoa Kỳ', '../../images/tac_gia/29.jpg'),
(30, 'Donald A. Norman', 'Donald A. Norman', '1935-12-25', 'Oasinton, Hoa Kỳ', '../../images/tac_gia/30.jpg'),
(31, 'Clifford Stoll', 'Clifford Stoll', '1950-06-04', 'New York, Hoa Kỳ', '../../images/tac_gia/31.jpg'),
(32, 'Paulo Coelho', 'Paulo Coelho', '1947-08-24', 'Brasil', '../../images/tac_gia/32.jpg'),
(33, 'Masaru Emoto', 'Masaru Emoto', '1943-07-22', 'Yokohama, Nhật Bản', '../../images/tac_gia/33.jpg'),
(34, 'Eran Katz', 'Eran Katz', '1965-05-18', 'Israel', '../../images/tac_gia/34.jpg'),
(35, 'Daniel J. Boorstin', 'Daniel J. Boorstin', '1914-10-01', 'New York, Hoa Kỳ', '../../images/tac_gia/35.jpg'),
(36, 'Michio Kaku', 'Michio Kaku', '1947-01-24', 'Carlifornia, Hoa Kỳ', '../../images/tac_gia/36.jpg');

-- --------------------------------------------------------

--
-- Cấu trúc bảng cho bảng `thanh_vien`
--

CREATE TABLE `thanh_vien` (
  `id_thanh_vien` int(11) NOT NULL,
  `password` varchar(32) NOT NULL,
  `email` varchar(256) NOT NULL,
  `ten` varchar(255) NOT NULL,
  `sdt` varchar(12) NOT NULL,
  `dia_chi` varchar(256) NOT NULL,
  `level` int(2) NOT NULL DEFAULT 3,
  `link_anh` varchar(256) NOT NULL
) ENGINE=InnoDB DEFAULT CHARSET=utf8mb4;

--
-- Đang đổ dữ liệu cho bảng `thanh_vien`
--

INSERT INTO `thanh_vien` (`id_thanh_vien`, `password`, `email`, `ten`, `sdt`, `dia_chi`, `level`, `link_anh`) VALUES
(1, '1234', 'dakmil.fo3@gmail.com', 'Nguyễn Minh Tùng', '0385326748', '2D, Lưu Quang Vũ, Đà Nẵng', 1, ''),
(2, '1234', 'nnthuong.19it5@vku.udn.vn', 'Nguyễn Ngọc Thương', '0935645412', 'Ký túc xá Đại học Việt Hàn, Ngũ Hành Sơn, Đà Nẵng', 3, ''),
(3, '1234', 'tvt@gmail.com', 'Trương Văn Thái', '0385326222', 'Ký túc xá Đại học Việt Hàn, Ngũ Hành Sơn, Đà Nẵng', 2, ''),
(4, '1234', 'nmt@gmail.com', 'Tùng', '0857813697', 'Ngũ Hành Sơn, Đà Nẵng', 3, '');

-- --------------------------------------------------------

--
-- Cấu trúc bảng cho bảng `the_loai`
--

CREATE TABLE `the_loai` (
  `id_the_loai` int(11) NOT NULL,
  `ten_the_loai` varchar(256) NOT NULL,
  `hien` int(2) NOT NULL DEFAULT 1
) ENGINE=InnoDB DEFAULT CHARSET=utf8mb4;

--
-- Đang đổ dữ liệu cho bảng `the_loai`
--

INSERT INTO `the_loai` (`id_the_loai`, `ten_the_loai`, `hien`) VALUES
(1, 'Văn Học', 1),
(2, 'Lịch Sử', 0),
(9, 'Hình Sự', 0),
(10, 'Tiểu Thuyết', 1),
(11, 'Sách kinh tế', 1),
(12, 'sách kỹ năng', 0),
(13, 'Sách công nghệ thông tin', 1),
(14, 'Marketing', 0),
(15, 'Sách Y học', 0),
(16, 'Khoa học', 1);

-- --------------------------------------------------------

--
-- Cấu trúc bảng cho bảng `tich_diem`
--

CREATE TABLE `tich_diem` (
  `id` int(11) NOT NULL,
  `id_thanh_vien` int(11) NOT NULL,
  `diem` int(11) NOT NULL
) ENGINE=InnoDB DEFAULT CHARSET=utf8mb4;

--
-- Chỉ mục cho các bảng đã đổ
--

--
-- Chỉ mục cho bảng `banner`
--
ALTER TABLE `banner`
  ADD PRIMARY KEY (`id_banner`);

--
-- Chỉ mục cho bảng `binh_luan`
--
ALTER TABLE `binh_luan`
  ADD PRIMARY KEY (`id_binh_luan`),
  ADD KEY `id_thanh_vien` (`id_thanh_vien`);

--
-- Chỉ mục cho bảng `don_hang`
--
ALTER TABLE `don_hang`
  ADD PRIMARY KEY (`id_don_hang`),
  ADD KEY `id_thanh_vien` (`id_thanh_vien`);

--
-- Chỉ mục cho bảng `footer`
--
ALTER TABLE `footer`
  ADD PRIMARY KEY (`id_footer`);

--
-- Chỉ mục cho bảng `menu`
--
ALTER TABLE `menu`
  ADD PRIMARY KEY (`id_menu`);

--
-- Chỉ mục cho bảng `sach`
--
ALTER TABLE `sach`
  ADD PRIMARY KEY (`id_sach`),
  ADD KEY `id_the_loai` (`id_the_loai`),
  ADD KEY `id_tac_gia` (`id_tac_gia`);

--
-- Chỉ mục cho bảng `tac_gia`
--
ALTER TABLE `tac_gia`
  ADD PRIMARY KEY (`id_tac_gia`);

--
-- Chỉ mục cho bảng `thanh_vien`
--
ALTER TABLE `thanh_vien`
  ADD PRIMARY KEY (`id_thanh_vien`);

--
-- Chỉ mục cho bảng `the_loai`
--
ALTER TABLE `the_loai`
  ADD PRIMARY KEY (`id_the_loai`);

--
-- Chỉ mục cho bảng `tich_diem`
--
ALTER TABLE `tich_diem`
  ADD PRIMARY KEY (`id`) USING BTREE,
  ADD KEY `id_thanh_vien` (`id_thanh_vien`);

--
-- AUTO_INCREMENT cho các bảng đã đổ
--

--
-- AUTO_INCREMENT cho bảng `banner`
--
ALTER TABLE `banner`
  MODIFY `id_banner` int(11) NOT NULL AUTO_INCREMENT, AUTO_INCREMENT=9;

--
-- AUTO_INCREMENT cho bảng `binh_luan`
--
ALTER TABLE `binh_luan`
  MODIFY `id_binh_luan` int(11) NOT NULL AUTO_INCREMENT, AUTO_INCREMENT=9;

--
-- AUTO_INCREMENT cho bảng `don_hang`
--
ALTER TABLE `don_hang`
  MODIFY `id_don_hang` int(11) NOT NULL AUTO_INCREMENT, AUTO_INCREMENT=6;

--
-- AUTO_INCREMENT cho bảng `footer`
--
ALTER TABLE `footer`
  MODIFY `id_footer` int(11) NOT NULL AUTO_INCREMENT, AUTO_INCREMENT=2;

--
-- AUTO_INCREMENT cho bảng `menu`
--
ALTER TABLE `menu`
  MODIFY `id_menu` int(11) NOT NULL AUTO_INCREMENT;

--
-- AUTO_INCREMENT cho bảng `sach`
--
ALTER TABLE `sach`
  MODIFY `id_sach` int(11) NOT NULL AUTO_INCREMENT, AUTO_INCREMENT=34;

--
-- AUTO_INCREMENT cho bảng `tac_gia`
--
ALTER TABLE `tac_gia`
  MODIFY `id_tac_gia` int(11) NOT NULL AUTO_INCREMENT, AUTO_INCREMENT=37;

--
-- AUTO_INCREMENT cho bảng `thanh_vien`
--
ALTER TABLE `thanh_vien`
  MODIFY `id_thanh_vien` int(11) NOT NULL AUTO_INCREMENT, AUTO_INCREMENT=5;

--
-- AUTO_INCREMENT cho bảng `the_loai`
--
ALTER TABLE `the_loai`
  MODIFY `id_the_loai` int(11) NOT NULL AUTO_INCREMENT, AUTO_INCREMENT=17;

--
-- Các ràng buộc cho các bảng đã đổ
--

--
-- Các ràng buộc cho bảng `binh_luan`
--
ALTER TABLE `binh_luan`
  ADD CONSTRAINT `binh_luan_ibfk_1` FOREIGN KEY (`id_thanh_vien`) REFERENCES `thanh_vien` (`id_thanh_vien`) ON DELETE NO ACTION ON UPDATE NO ACTION;

--
-- Các ràng buộc cho bảng `don_hang`
--
ALTER TABLE `don_hang`
  ADD CONSTRAINT `don_hang_ibfk_1` FOREIGN KEY (`id_thanh_vien`) REFERENCES `thanh_vien` (`id_thanh_vien`) ON DELETE NO ACTION ON UPDATE NO ACTION;

--
-- Các ràng buộc cho bảng `sach`
--
ALTER TABLE `sach`
  ADD CONSTRAINT `sach_ibfk_1` FOREIGN KEY (`id_the_loai`) REFERENCES `the_loai` (`id_the_loai`) ON DELETE NO ACTION ON UPDATE NO ACTION,
  ADD CONSTRAINT `sach_ibfk_2` FOREIGN KEY (`id_tac_gia`) REFERENCES `tac_gia` (`id_tac_gia`) ON DELETE NO ACTION ON UPDATE NO ACTION;

--
-- Các ràng buộc cho bảng `tich_diem`
--
ALTER TABLE `tich_diem`
  ADD CONSTRAINT `tich_diem_ibfk_1` FOREIGN KEY (`id_thanh_vien`) REFERENCES `thanh_vien` (`id_thanh_vien`) ON DELETE NO ACTION ON UPDATE NO ACTION;
COMMIT;

/*!40101 SET CHARACTER_SET_CLIENT=@OLD_CHARACTER_SET_CLIENT */;
/*!40101 SET CHARACTER_SET_RESULTS=@OLD_CHARACTER_SET_RESULTS */;
/*!40101 SET COLLATION_CONNECTION=@OLD_COLLATION_CONNECTION */;
